Tesla,Close
15:30 - 15:31 01/02/2020,85.401
15:31 - 15:32 01/02/2020,85.282
15:32 - 15:33 01/02/2020,85.224
15:33 - 15:34 01/02/2020,85.55
15:34 - 15:35 01/02/2020,85.252
15:35 - 15:36 01/02/2020,85.412
15:36 - 15:37 01/02/2020,85.328
15:37 - 15:38 01/02/2020,85.322
15:38 - 15:39 01/02/2020,85.457
15:39 - 15:40 01/02/2020,85.302
15:40 - 15:41 01/02/2020,84.753
15:41 - 15:42 01/02/2020,84.738
15:42 - 15:43 01/02/2020,84.798
15:43 - 15:44 01/02/2020,84.89
15:44 - 15:45 01/02/2020,84.825
15:45 - 15:46 01/02/2020,85.042
15:46 - 15:47 01/02/2020,84.85
15:47 - 15:48 01/02/2020,84.946
15:48 - 15:49 01/02/2020,84.76
15:49 - 15:50 01/02/2020,84.62
15:50 - 15:51 01/02/2020,84.392
15:51 - 15:52 01/02/2020,84.644
15:52 - 15:53 01/02/2020,84.519
15:53 - 15:54 01/02/2020,84.603
15:54 - 15:55 01/02/2020,84.596
15:55 - 15:56 01/02/2020,84.586
15:56 - 15:57 01/02/2020,84.476
15:57 - 15:58 01/02/2020,84.551
15:58 - 15:59 01/02/2020,84.568
15:59 - 16:00 01/02/2020,84.9
16:00 - 16:01 01/02/2020,84.96
16:01 - 16:02 01/02/2020,84.994
16:02 - 16:03 01/02/2020,84.931
16:03 - 16:04 01/02/2020,85.161
16:04 - 16:05 01/02/2020,85.231
16:05 - 16:06 01/02/2020,85.323
16:06 - 16:07 01/02/2020,85.39
16:07 - 16:08 01/02/2020,85.328
16:08 - 16:09 01/02/2020,85.304
16:09 - 16:10 01/02/2020,85.334
16:10 - 16:11 01/02/2020,85.338
16:11 - 16:12 01/02/2020,85.176
16:12 - 16:13 01/02/2020,85.204
16:13 - 16:14 01/02/2020,85.062
16:14 - 16:15 01/02/2020,85.066
16:15 - 16:16 01/02/2020,84.82
16:16 - 16:17 01/02/2020,84.976
16:17 - 16:18 01/02/2020,85.162
16:18 - 16:19 01/02/2020,85.193
16:19 - 16:20 01/02/2020,85.052
16:20 - 16:21 01/02/2020,85.048
16:21 - 16:22 01/02/2020,84.971
16:22 - 16:23 01/02/2020,84.88
16:23 - 16:24 01/02/2020,84.702
16:24 - 16:25 01/02/2020,84.802
16:25 - 16:26 01/02/2020,84.756
16:26 - 16:27 01/02/2020,84.729
16:27 - 16:28 01/02/2020,84.821
16:28 - 16:29 01/02/2020,84.804
16:29 - 16:30 01/02/2020,84.784
16:30 - 16:31 01/02/2020,84.9
16:31 - 16:32 01/02/2020,84.844
16:32 - 16:33 01/02/2020,84.734
16:33 - 16:34 01/02/2020,84.83
16:34 - 16:35 01/02/2020,84.8
16:35 - 16:36 01/02/2020,84.749
16:36 - 16:37 01/02/2020,84.659
16:37 - 16:38 01/02/2020,84.664
16:38 - 16:39 01/02/2020,84.662
16:39 - 16:40 01/02/2020,84.654
16:40 - 16:41 01/02/2020,84.667
16:41 - 16:42 01/02/2020,84.552
16:42 - 16:43 01/02/2020,84.582
16:43 - 16:44 01/02/2020,84.576
16:44 - 16:45 01/02/2020,84.652
16:45 - 16:46 01/02/2020,84.784
16:46 - 16:47 01/02/2020,84.808
16:47 - 16:48 01/02/2020,84.806
16:48 - 16:49 01/02/2020,84.702
16:49 - 16:50 01/02/2020,84.82
16:50 - 16:51 01/02/2020,84.772
16:51 - 16:52 01/02/2020,84.758
16:52 - 16:53 01/02/2020,84.773
16:53 - 16:54 01/02/2020,84.726
16:54 - 16:55 01/02/2020,84.732
16:55 - 16:56 01/02/2020,84.772
16:56 - 16:57 01/02/2020,84.846
16:57 - 16:58 01/02/2020,84.86
16:58 - 16:59 01/02/2020,84.834
16:59 - 17:00 01/02/2020,84.786
17:00 - 17:01 01/02/2020,84.74
17:01 - 17:02 01/02/2020,84.674
17:02 - 17:03 01/02/2020,84.75
17:03 - 17:04 01/02/2020,84.722
17:04 - 17:05 01/02/2020,84.734
17:05 - 17:06 01/02/2020,84.735
17:06 - 17:07 01/02/2020,84.775
17:07 - 17:08 01/02/2020,84.816
17:08 - 17:09 01/02/2020,84.806
17:09 - 17:10 01/02/2020,84.876
17:10 - 17:11 01/02/2020,84.88
17:11 - 17:12 01/02/2020,84.944
17:12 - 17:13 01/02/2020,85.046
17:13 - 17:14 01/02/2020,85.03
17:14 - 17:15 01/02/2020,85.019
17:15 - 17:16 01/02/2020,85
17:16 - 17:17 01/02/2020,85.004
17:17 - 17:18 01/02/2020,84.958
17:18 - 17:19 01/02/2020,84.99
17:19 - 17:20 01/02/2020,84.952
17:20 - 17:21 01/02/2020,84.966
17:21 - 17:22 01/02/2020,85.022
17:22 - 17:23 01/02/2020,85.134
17:23 - 17:24 01/02/2020,85.166
17:24 - 17:25 01/02/2020,85.161
17:25 - 17:26 01/02/2020,85.146
17:26 - 17:27 01/02/2020,85.142
17:27 - 17:28 01/02/2020,85.152
17:28 - 17:29 01/02/2020,85.302
17:29 - 17:30 01/02/2020,85.186
17:30 - 17:31 01/02/2020,85.254
17:31 - 17:32 01/02/2020,85.347
17:32 - 17:33 01/02/2020,85.316
17:33 - 17:34 01/02/2020,85.298
17:34 - 17:35 01/02/2020,85.2
17:35 - 17:36 01/02/2020,85.198
17:36 - 17:37 01/02/2020,85.236
17:37 - 17:38 01/02/2020,85.296
17:38 - 17:39 01/02/2020,85.3
17:39 - 17:40 01/02/2020,85.354
17:40 - 17:41 01/02/2020,85.199
17:41 - 17:42 01/02/2020,85.313
17:42 - 17:43 01/02/2020,85.301
17:43 - 17:44 01/02/2020,85.298
17:44 - 17:45 01/02/2020,85.332
17:45 - 17:46 01/02/2020,85.314
17:46 - 17:47 01/02/2020,85.254
17:47 - 17:48 01/02/2020,85.284
17:48 - 17:49 01/02/2020,85.294
17:49 - 17:50 01/02/2020,85.247
17:50 - 17:51 01/02/2020,85.178
17:51 - 17:52 01/02/2020,85.222
17:52 - 17:53 01/02/2020,85.131
17:53 - 17:54 01/02/2020,85.196
17:54 - 17:55 01/02/2020,85.217
17:55 - 17:56 01/02/2020,85.235
17:56 - 17:57 01/02/2020,85.282
17:57 - 17:58 01/02/2020,85.334
17:58 - 17:59 01/02/2020,85.317
17:59 - 18:00 01/02/2020,85.293
18:00 - 18:01 01/02/2020,85.308
18:01 - 18:02 01/02/2020,85.277
18:02 - 18:03 01/02/2020,85.254
18:03 - 18:04 01/02/2020,85.271
18:04 - 18:05 01/02/2020,85.288
18:05 - 18:06 01/02/2020,85.238
18:06 - 18:07 01/02/2020,85.254
18:07 - 18:08 01/02/2020,85.234
18:08 - 18:09 01/02/2020,85.275
18:09 - 18:10 01/02/2020,85.293
18:10 - 18:11 01/02/2020,85.28
18:11 - 18:12 01/02/2020,85.298
18:12 - 18:13 01/02/2020,85.307
18:13 - 18:14 01/02/2020,85.31
18:14 - 18:15 01/02/2020,85.306
18:15 - 18:16 01/02/2020,85.372
18:16 - 18:17 01/02/2020,85.368
18:17 - 18:18 01/02/2020,85.232
18:18 - 18:19 01/02/2020,85.255
18:19 - 18:20 01/02/2020,85.2
18:20 - 18:21 01/02/2020,85.181
18:21 - 18:22 01/02/2020,85.186
18:22 - 18:23 01/02/2020,85.212
18:23 - 18:24 01/02/2020,85.253
18:24 - 18:25 01/02/2020,85.287
18:25 - 18:26 01/02/2020,85.246
18:26 - 18:27 01/02/2020,85.238
18:27 - 18:28 01/02/2020,85.243
18:28 - 18:29 01/02/2020,85.26
18:29 - 18:30 01/02/2020,85.264
18:30 - 18:31 01/02/2020,85.244
18:31 - 18:32 01/02/2020,85.3
18:32 - 18:33 01/02/2020,85.364
18:33 - 18:34 01/02/2020,85.348
18:34 - 18:35 01/02/2020,85.376
18:35 - 18:36 01/02/2020,85.378
18:36 - 18:37 01/02/2020,85.347
18:37 - 18:38 01/02/2020,85.353
18:38 - 18:39 01/02/2020,85.345
18:39 - 18:40 01/02/2020,85.3
18:40 - 18:41 01/02/2020,85.288
18:41 - 18:42 01/02/2020,85.302
18:42 - 18:43 01/02/2020,85.288
18:43 - 18:44 01/02/2020,85.262
18:44 - 18:45 01/02/2020,85.294
18:45 - 18:46 01/02/2020,85.282
18:46 - 18:47 01/02/2020,85.341
18:47 - 18:48 01/02/2020,85.344
18:48 - 18:49 01/02/2020,85.346
18:49 - 18:50 01/02/2020,85.335
18:50 - 18:51 01/02/2020,85.398
18:51 - 18:52 01/02/2020,85.482
18:52 - 18:53 01/02/2020,85.474
18:53 - 18:54 01/02/2020,85.496
18:54 - 18:55 01/02/2020,85.47
18:55 - 18:56 01/02/2020,85.516
18:56 - 18:57 01/02/2020,85.557
18:57 - 18:58 01/02/2020,85.648
18:58 - 18:59 01/02/2020,85.632
18:59 - 19:00 01/02/2020,85.586
19:00 - 19:01 01/02/2020,85.629
19:01 - 19:02 01/02/2020,85.684
19:02 - 19:03 01/02/2020,85.626
19:03 - 19:04 01/02/2020,85.664
19:04 - 19:05 01/02/2020,85.702
19:05 - 19:06 01/02/2020,85.782
19:06 - 19:07 01/02/2020,85.678
19:07 - 19:08 01/02/2020,85.614
19:08 - 19:09 01/02/2020,85.684
19:09 - 19:10 01/02/2020,85.682
19:10 - 19:11 01/02/2020,85.652
19:11 - 19:12 01/02/2020,85.685
19:12 - 19:13 01/02/2020,85.66
19:13 - 19:14 01/02/2020,85.683
19:14 - 19:15 01/02/2020,85.658
19:15 - 19:16 01/02/2020,85.696
19:16 - 19:17 01/02/2020,85.8
19:17 - 19:18 01/02/2020,85.784
19:18 - 19:19 01/02/2020,85.793
19:19 - 19:20 01/02/2020,85.77
19:20 - 19:21 01/02/2020,85.826
19:21 - 19:22 01/02/2020,85.854
19:22 - 19:23 01/02/2020,85.811
19:23 - 19:24 01/02/2020,85.81
19:24 - 19:25 01/02/2020,85.796
19:25 - 19:26 01/02/2020,85.842
19:26 - 19:27 01/02/2020,85.842
19:27 - 19:28 01/02/2020,85.85
19:28 - 19:29 01/02/2020,85.89
19:29 - 19:30 01/02/2020,85.97
19:30 - 19:31 01/02/2020,85.918
19:31 - 19:32 01/02/2020,85.92
19:32 - 19:33 01/02/2020,85.968
19:33 - 19:34 01/02/2020,85.96
19:34 - 19:35 01/02/2020,85.944
19:35 - 19:36 01/02/2020,85.928
19:36 - 19:37 01/02/2020,85.92
19:37 - 19:38 01/02/2020,85.841
19:38 - 19:39 01/02/2020,85.92
19:39 - 19:40 01/02/2020,85.84
19:40 - 19:41 01/02/2020,85.862
19:41 - 19:42 01/02/2020,85.872
19:42 - 19:43 01/02/2020,85.89
19:43 - 19:44 01/02/2020,85.788
19:44 - 19:45 01/02/2020,85.65
19:45 - 19:46 01/02/2020,85.712
19:46 - 19:47 01/02/2020,85.692
19:47 - 19:48 01/02/2020,85.794
19:48 - 19:49 01/02/2020,85.818
19:49 - 19:50 01/02/2020,85.784
19:50 - 19:51 01/02/2020,85.838
19:51 - 19:52 01/02/2020,85.9
19:52 - 19:53 01/02/2020,85.871
19:53 - 19:54 01/02/2020,85.853
19:54 - 19:55 01/02/2020,85.91
19:55 - 19:56 01/02/2020,85.915
19:56 - 19:57 01/02/2020,85.886
19:57 - 19:58 01/02/2020,85.852
19:58 - 19:59 01/02/2020,85.846
19:59 - 20:00 01/02/2020,85.881
20:00 - 20:01 01/02/2020,85.872
20:01 - 20:02 01/02/2020,85.848
20:02 - 20:03 01/02/2020,85.794
20:03 - 20:04 01/02/2020,85.791
20:04 - 20:05 01/02/2020,85.79
20:05 - 20:06 01/02/2020,85.808
20:06 - 20:07 01/02/2020,85.874
20:07 - 20:08 01/02/2020,85.876
20:08 - 20:09 01/02/2020,85.794
20:09 - 20:10 01/02/2020,85.826
20:10 - 20:11 01/02/2020,85.836
20:11 - 20:12 01/02/2020,85.813
20:12 - 20:13 01/02/2020,85.804
20:13 - 20:14 01/02/2020,85.802
20:14 - 20:15 01/02/2020,85.77
20:15 - 20:16 01/02/2020,85.774
20:16 - 20:17 01/02/2020,85.752
20:17 - 20:18 01/02/2020,85.79
20:18 - 20:19 01/02/2020,85.786
20:19 - 20:20 01/02/2020,85.79
20:20 - 20:21 01/02/2020,85.782
20:21 - 20:22 01/02/2020,85.884
20:22 - 20:23 01/02/2020,85.95
20:23 - 20:24 01/02/2020,85.924
20:24 - 20:25 01/02/2020,86.09
20:25 - 20:26 01/02/2020,86.076
20:26 - 20:27 01/02/2020,86.112
20:27 - 20:28 01/02/2020,86.02
20:28 - 20:29 01/02/2020,86.062
20:29 - 20:30 01/02/2020,86.075
20:30 - 20:31 01/02/2020,86.09
20:31 - 20:32 01/02/2020,86.11
20:32 - 20:33 01/02/2020,86.038
20:33 - 20:34 01/02/2020,86.076
20:34 - 20:35 01/02/2020,86.102
20:35 - 20:36 01/02/2020,86.078
20:36 - 20:37 01/02/2020,86.07
20:37 - 20:38 01/02/2020,86.01
20:38 - 20:39 01/02/2020,86.068
20:39 - 20:40 01/02/2020,86.054
20:40 - 20:41 01/02/2020,86.058
20:41 - 20:42 01/02/2020,86.07
20:42 - 20:43 01/02/2020,86.058
20:43 - 20:44 01/02/2020,86.08
20:44 - 20:45 01/02/2020,86.046
20:45 - 20:46 01/02/2020,85.876
20:46 - 20:47 01/02/2020,85.95
20:47 - 20:48 01/02/2020,85.984
20:48 - 20:49 01/02/2020,85.978
20:49 - 20:50 01/02/2020,85.986
20:50 - 20:51 01/02/2020,86.049
20:51 - 20:52 01/02/2020,86.05
20:52 - 20:53 01/02/2020,86.042
20:53 - 20:54 01/02/2020,86.055
20:54 - 20:55 01/02/2020,86.049
20:55 - 20:56 01/02/2020,86.065
20:56 - 20:57 01/02/2020,86.104
20:57 - 20:58 01/02/2020,86.066
20:58 - 20:59 01/02/2020,86.05
20:59 - 21:00 01/02/2020,86.062
21:00 - 21:01 01/02/2020,86.027
21:01 - 21:02 01/02/2020,86.07
21:02 - 21:03 01/02/2020,86.049
21:03 - 21:04 01/02/2020,86.054
21:04 - 21:05 01/02/2020,86.077
21:05 - 21:06 01/02/2020,86.03
21:06 - 21:07 01/02/2020,86.034
21:07 - 21:08 01/02/2020,86.034
21:08 - 21:09 01/02/2020,85.954
21:09 - 21:10 01/02/2020,85.962
21:10 - 21:11 01/02/2020,85.976
21:11 - 21:12 01/02/2020,85.999
21:12 - 21:13 01/02/2020,85.986
21:13 - 21:14 01/02/2020,85.987
21:14 - 21:15 01/02/2020,86
21:15 - 21:16 01/02/2020,85.994
21:16 - 21:17 01/02/2020,85.984
21:17 - 21:18 01/02/2020,86.013
21:18 - 21:19 01/02/2020,86.004
21:19 - 21:20 01/02/2020,85.98
21:20 - 21:21 01/02/2020,85.988
21:21 - 21:22 01/02/2020,85.992
21:22 - 21:23 01/02/2020,85.944
21:23 - 21:24 01/02/2020,85.846
21:24 - 21:25 01/02/2020,85.802
21:25 - 21:26 01/02/2020,85.927
21:26 - 21:27 01/02/2020,85.991
21:27 - 21:28 01/02/2020,85.964
21:28 - 21:29 01/02/2020,85.973
21:29 - 21:30 01/02/2020,85.96
21:30 - 21:31 01/02/2020,85.924
21:31 - 21:32 01/02/2020,85.945
21:32 - 21:33 01/02/2020,85.951
21:33 - 21:34 01/02/2020,85.96
21:34 - 21:35 01/02/2020,85.938
21:35 - 21:36 01/02/2020,85.934
21:36 - 21:37 01/02/2020,85.843
21:37 - 21:38 01/02/2020,85.789
21:38 - 21:39 01/02/2020,85.801
21:39 - 21:40 01/02/2020,85.776
21:40 - 21:41 01/02/2020,85.737
21:41 - 21:42 01/02/2020,85.83
21:42 - 21:43 01/02/2020,85.92
21:43 - 21:44 01/02/2020,85.964
21:44 - 21:45 01/02/2020,85.971
21:45 - 21:46 01/02/2020,85.912
21:46 - 21:47 01/02/2020,85.938
21:47 - 21:48 01/02/2020,85.962
21:48 - 21:49 01/02/2020,85.955
21:49 - 21:50 01/02/2020,85.984
21:50 - 21:51 01/02/2020,86.023
21:51 - 21:52 01/02/2020,86.041
21:52 - 21:53 01/02/2020,86.054
21:53 - 21:54 01/02/2020,86.064
21:54 - 21:55 01/02/2020,86.054
21:55 - 21:56 01/02/2020,86.024
21:56 - 21:57 01/02/2020,86.034
21:57 - 21:58 01/02/2020,86.022
21:58 - 21:59 01/02/2020,86.035
21:59 - 22:00 01/02/2020,86.052
15:30 - 15:31 01/03/2020,88.043
15:31 - 15:32 01/03/2020,87.703
15:32 - 15:33 01/03/2020,88.442
15:33 - 15:34 01/03/2020,88.743
15:34 - 15:35 01/03/2020,89.064
15:35 - 15:36 01/03/2020,89.48
15:36 - 15:37 01/03/2020,89.744
15:37 - 15:38 01/03/2020,89.49
15:38 - 15:39 01/03/2020,90.208
15:39 - 15:40 01/03/2020,90.71
15:40 - 15:41 01/03/2020,90.432
15:41 - 15:42 01/03/2020,90.062
15:42 - 15:43 01/03/2020,90.134
15:43 - 15:44 01/03/2020,90.282
15:44 - 15:45 01/03/2020,90.072
15:45 - 15:46 01/03/2020,90.07
15:46 - 15:47 01/03/2020,89.75
15:47 - 15:48 01/03/2020,89.376
15:48 - 15:49 01/03/2020,89.514
15:49 - 15:50 01/03/2020,89.403
15:50 - 15:51 01/03/2020,89.076
15:51 - 15:52 01/03/2020,88.823
15:52 - 15:53 01/03/2020,88.8
15:53 - 15:54 01/03/2020,89.16
15:54 - 15:55 01/03/2020,89.346
15:55 - 15:56 01/03/2020,89.432
15:56 - 15:57 01/03/2020,89.552
15:57 - 15:58 01/03/2020,89.535
15:58 - 15:59 01/03/2020,89.556
15:59 - 16:00 01/03/2020,89.191
16:00 - 16:01 01/03/2020,89.228
16:01 - 16:02 01/03/2020,89.256
16:02 - 16:03 01/03/2020,89.342
16:03 - 16:04 01/03/2020,89.27
16:04 - 16:05 01/03/2020,89.6
16:05 - 16:06 01/03/2020,89.638
16:06 - 16:07 01/03/2020,89.46
16:07 - 16:08 01/03/2020,89.258
16:08 - 16:09 01/03/2020,88.912
16:09 - 16:10 01/03/2020,89.126
16:10 - 16:11 01/03/2020,89.187
16:11 - 16:12 01/03/2020,89.245
16:12 - 16:13 01/03/2020,89.36
16:13 - 16:14 01/03/2020,89.353
16:14 - 16:15 01/03/2020,89.378
16:15 - 16:16 01/03/2020,89.491
16:16 - 16:17 01/03/2020,89.422
16:17 - 16:18 01/03/2020,89.46
16:18 - 16:19 01/03/2020,89.572
16:19 - 16:20 01/03/2020,89.42
16:20 - 16:21 01/03/2020,89.292
16:21 - 16:22 01/03/2020,89.469
16:22 - 16:23 01/03/2020,89.439
16:23 - 16:24 01/03/2020,89.578
16:24 - 16:25 01/03/2020,89.777
16:25 - 16:26 01/03/2020,89.842
16:26 - 16:27 01/03/2020,89.787
16:27 - 16:28 01/03/2020,89.896
16:28 - 16:29 01/03/2020,89.812
16:29 - 16:30 01/03/2020,89.881
16:30 - 16:31 01/03/2020,89.885
16:31 - 16:32 01/03/2020,89.875
16:32 - 16:33 01/03/2020,90.076
16:33 - 16:34 01/03/2020,90.096
16:34 - 16:35 01/03/2020,90.168
16:35 - 16:36 01/03/2020,90.114
16:36 - 16:37 01/03/2020,90.108
16:37 - 16:38 01/03/2020,90.144
16:38 - 16:39 01/03/2020,90.066
16:39 - 16:40 01/03/2020,89.923
16:40 - 16:41 01/03/2020,89.857
16:41 - 16:42 01/03/2020,89.713
16:42 - 16:43 01/03/2020,89.766
16:43 - 16:44 01/03/2020,89.82
16:44 - 16:45 01/03/2020,89.824
16:45 - 16:46 01/03/2020,89.76
16:46 - 16:47 01/03/2020,89.792
16:47 - 16:48 01/03/2020,89.874
16:48 - 16:49 01/03/2020,89.914
16:49 - 16:50 01/03/2020,89.819
16:50 - 16:51 01/03/2020,89.772
16:51 - 16:52 01/03/2020,89.598
16:52 - 16:53 01/03/2020,89.632
16:53 - 16:54 01/03/2020,89.71
16:54 - 16:55 01/03/2020,89.707
16:55 - 16:56 01/03/2020,89.826
16:56 - 16:57 01/03/2020,89.674
16:57 - 16:58 01/03/2020,89.69
16:58 - 16:59 01/03/2020,89.83
16:59 - 17:00 01/03/2020,89.851
17:00 - 17:01 01/03/2020,89.806
17:01 - 17:02 01/03/2020,89.826
17:02 - 17:03 01/03/2020,89.944
17:03 - 17:04 01/03/2020,89.8
17:04 - 17:05 01/03/2020,89.766
17:05 - 17:06 01/03/2020,89.662
17:06 - 17:07 01/03/2020,89.703
17:07 - 17:08 01/03/2020,89.755
17:08 - 17:09 01/03/2020,89.688
17:09 - 17:10 01/03/2020,89.488
17:10 - 17:11 01/03/2020,89.437
17:11 - 17:12 01/03/2020,89.51
17:12 - 17:13 01/03/2020,89.579
17:13 - 17:14 01/03/2020,89.617
17:14 - 17:15 01/03/2020,89.598
17:15 - 17:16 01/03/2020,89.528
17:16 - 17:17 01/03/2020,89.698
17:17 - 17:18 01/03/2020,89.5
17:18 - 17:19 01/03/2020,89.512
17:19 - 17:20 01/03/2020,89.515
17:20 - 17:21 01/03/2020,89.476
17:21 - 17:22 01/03/2020,89.518
17:22 - 17:23 01/03/2020,89.566
17:23 - 17:24 01/03/2020,89.426
17:24 - 17:25 01/03/2020,89.43
17:25 - 17:26 01/03/2020,89.48
17:26 - 17:27 01/03/2020,89.548
17:27 - 17:28 01/03/2020,89.504
17:28 - 17:29 01/03/2020,89.59
17:29 - 17:30 01/03/2020,89.652
17:30 - 17:31 01/03/2020,89.712
17:31 - 17:32 01/03/2020,89.7
17:32 - 17:33 01/03/2020,89.656
17:33 - 17:34 01/03/2020,89.71
17:34 - 17:35 01/03/2020,89.775
17:35 - 17:36 01/03/2020,89.89
17:36 - 17:37 01/03/2020,89.782
17:37 - 17:38 01/03/2020,89.724
17:38 - 17:39 01/03/2020,89.69
17:39 - 17:40 01/03/2020,89.763
17:40 - 17:41 01/03/2020,89.831
17:41 - 17:42 01/03/2020,89.877
17:42 - 17:43 01/03/2020,89.861
17:43 - 17:44 01/03/2020,89.89
17:44 - 17:45 01/03/2020,89.832
17:45 - 17:46 01/03/2020,89.874
17:46 - 17:47 01/03/2020,89.784
17:47 - 17:48 01/03/2020,89.852
17:48 - 17:49 01/03/2020,89.846
17:49 - 17:50 01/03/2020,89.795
17:50 - 17:51 01/03/2020,89.8
17:51 - 17:52 01/03/2020,89.675
17:52 - 17:53 01/03/2020,89.624
17:53 - 17:54 01/03/2020,89.637
17:54 - 17:55 01/03/2020,89.64
17:55 - 17:56 01/03/2020,89.646
17:56 - 17:57 01/03/2020,89.65
17:57 - 17:58 01/03/2020,89.688
17:58 - 17:59 01/03/2020,89.698
17:59 - 18:00 01/03/2020,89.72
18:00 - 18:01 01/03/2020,89.734
18:01 - 18:02 01/03/2020,89.776
18:02 - 18:03 01/03/2020,89.736
18:03 - 18:04 01/03/2020,89.62
18:04 - 18:05 01/03/2020,89.682
18:05 - 18:06 01/03/2020,89.753
18:06 - 18:07 01/03/2020,89.8
18:07 - 18:08 01/03/2020,89.698
18:08 - 18:09 01/03/2020,89.712
18:09 - 18:10 01/03/2020,89.685
18:10 - 18:11 01/03/2020,89.63
18:11 - 18:12 01/03/2020,89.585
18:12 - 18:13 01/03/2020,89.469
18:13 - 18:14 01/03/2020,89.477
18:14 - 18:15 01/03/2020,89.444
18:15 - 18:16 01/03/2020,89.53
18:16 - 18:17 01/03/2020,89.468
18:17 - 18:18 01/03/2020,89.55
18:18 - 18:19 01/03/2020,89.558
18:19 - 18:20 01/03/2020,89.546
18:20 - 18:21 01/03/2020,89.478
18:21 - 18:22 01/03/2020,89.438
18:22 - 18:23 01/03/2020,89.446
18:23 - 18:24 01/03/2020,89.355
18:24 - 18:25 01/03/2020,89.437
18:25 - 18:26 01/03/2020,89.274
18:26 - 18:27 01/03/2020,89.2
18:27 - 18:28 01/03/2020,89.156
18:28 - 18:29 01/03/2020,89.29
18:29 - 18:30 01/03/2020,89.221
18:30 - 18:31 01/03/2020,89.236
18:31 - 18:32 01/03/2020,89.29
18:32 - 18:33 01/03/2020,89.255
18:33 - 18:34 01/03/2020,89.202
18:34 - 18:35 01/03/2020,89.158
18:35 - 18:36 01/03/2020,89.17
18:36 - 18:37 01/03/2020,89.184
18:37 - 18:38 01/03/2020,89.287
18:38 - 18:39 01/03/2020,89.211
18:39 - 18:40 01/03/2020,89.274
18:40 - 18:41 01/03/2020,89.316
18:41 - 18:42 01/03/2020,89.24
18:42 - 18:43 01/03/2020,89.174
18:43 - 18:44 01/03/2020,89.078
18:44 - 18:45 01/03/2020,89.1
18:45 - 18:46 01/03/2020,89.006
18:46 - 18:47 01/03/2020,89.112
18:47 - 18:48 01/03/2020,89.2
18:48 - 18:49 01/03/2020,89.131
18:49 - 18:50 01/03/2020,89.108
18:50 - 18:51 01/03/2020,89.058
18:51 - 18:52 01/03/2020,89.101
18:52 - 18:53 01/03/2020,89.052
18:53 - 18:54 01/03/2020,89.049
18:54 - 18:55 01/03/2020,89.002
18:55 - 18:56 01/03/2020,89.075
18:56 - 18:57 01/03/2020,89.146
18:57 - 18:58 01/03/2020,89.183
18:58 - 18:59 01/03/2020,89.28
18:59 - 19:00 01/03/2020,89.274
19:00 - 19:01 01/03/2020,89.223
19:01 - 19:02 01/03/2020,89.338
19:02 - 19:03 01/03/2020,89.286
19:03 - 19:04 01/03/2020,89.168
19:04 - 19:05 01/03/2020,89.16
19:05 - 19:06 01/03/2020,89.122
19:06 - 19:07 01/03/2020,89.19
19:07 - 19:08 01/03/2020,89.197
19:08 - 19:09 01/03/2020,89.152
19:09 - 19:10 01/03/2020,89.1
19:10 - 19:11 01/03/2020,88.974
19:11 - 19:12 01/03/2020,89.047
19:12 - 19:13 01/03/2020,88.974
19:13 - 19:14 01/03/2020,88.854
19:14 - 19:15 01/03/2020,88.768
19:15 - 19:16 01/03/2020,88.908
19:16 - 19:17 01/03/2020,88.847
19:17 - 19:18 01/03/2020,88.792
19:18 - 19:19 01/03/2020,88.73
19:19 - 19:20 01/03/2020,88.7
19:20 - 19:21 01/03/2020,88.835
19:21 - 19:22 01/03/2020,88.71
19:22 - 19:23 01/03/2020,88.8
19:23 - 19:24 01/03/2020,88.798
19:24 - 19:25 01/03/2020,88.706
19:25 - 19:26 01/03/2020,88.762
19:26 - 19:27 01/03/2020,88.767
19:27 - 19:28 01/03/2020,88.798
19:28 - 19:29 01/03/2020,88.743
19:29 - 19:30 01/03/2020,88.752
19:30 - 19:31 01/03/2020,88.82
19:31 - 19:32 01/03/2020,88.871
19:32 - 19:33 01/03/2020,88.774
19:33 - 19:34 01/03/2020,88.758
19:34 - 19:35 01/03/2020,88.622
19:35 - 19:36 01/03/2020,88.472
19:36 - 19:37 01/03/2020,88.462
19:37 - 19:38 01/03/2020,88.325
19:38 - 19:39 01/03/2020,88.327
19:39 - 19:40 01/03/2020,88.476
19:40 - 19:41 01/03/2020,88.394
19:41 - 19:42 01/03/2020,88.352
19:42 - 19:43 01/03/2020,88.31
19:43 - 19:44 01/03/2020,88.204
19:44 - 19:45 01/03/2020,88.317
19:45 - 19:46 01/03/2020,88.475
19:46 - 19:47 01/03/2020,88.59
19:47 - 19:48 01/03/2020,88.588
19:48 - 19:49 01/03/2020,88.688
19:49 - 19:50 01/03/2020,88.896
19:50 - 19:51 01/03/2020,89.009
19:51 - 19:52 01/03/2020,89.074
19:52 - 19:53 01/03/2020,89.146
19:53 - 19:54 01/03/2020,89.055
19:54 - 19:55 01/03/2020,88.982
19:55 - 19:56 01/03/2020,89.022
19:56 - 19:57 01/03/2020,89.088
19:57 - 19:58 01/03/2020,88.944
19:58 - 19:59 01/03/2020,89.058
19:59 - 20:00 01/03/2020,89.118
20:00 - 20:01 01/03/2020,89.192
20:01 - 20:02 01/03/2020,89.22
20:02 - 20:03 01/03/2020,89.024
20:03 - 20:04 01/03/2020,89.073
20:04 - 20:05 01/03/2020,89.074
20:05 - 20:06 01/03/2020,88.964
20:06 - 20:07 01/03/2020,88.99
20:07 - 20:08 01/03/2020,88.948
20:08 - 20:09 01/03/2020,88.876
20:09 - 20:10 01/03/2020,88.818
20:10 - 20:11 01/03/2020,88.729
20:11 - 20:12 01/03/2020,88.67
20:12 - 20:13 01/03/2020,88.634
20:13 - 20:14 01/03/2020,88.792
20:14 - 20:15 01/03/2020,88.662
20:15 - 20:16 01/03/2020,88.68
20:16 - 20:17 01/03/2020,88.712
20:17 - 20:18 01/03/2020,88.865
20:18 - 20:19 01/03/2020,88.95
20:19 - 20:20 01/03/2020,88.863
20:20 - 20:21 01/03/2020,88.894
20:21 - 20:22 01/03/2020,88.956
20:22 - 20:23 01/03/2020,88.914
20:23 - 20:24 01/03/2020,88.85
20:24 - 20:25 01/03/2020,88.766
20:25 - 20:26 01/03/2020,88.767
20:26 - 20:27 01/03/2020,88.892
20:27 - 20:28 01/03/2020,88.93
20:28 - 20:29 01/03/2020,88.925
20:29 - 20:30 01/03/2020,88.812
20:30 - 20:31 01/03/2020,88.946
20:31 - 20:32 01/03/2020,88.938
20:32 - 20:33 01/03/2020,88.932
20:33 - 20:34 01/03/2020,88.93
20:34 - 20:35 01/03/2020,88.882
20:35 - 20:36 01/03/2020,88.847
20:36 - 20:37 01/03/2020,88.836
20:37 - 20:38 01/03/2020,88.844
20:38 - 20:39 01/03/2020,88.824
20:39 - 20:40 01/03/2020,88.87
20:40 - 20:41 01/03/2020,88.763
20:41 - 20:42 01/03/2020,88.772
20:42 - 20:43 01/03/2020,88.832
20:43 - 20:44 01/03/2020,88.789
20:44 - 20:45 01/03/2020,88.751
20:45 - 20:46 01/03/2020,88.746
20:46 - 20:47 01/03/2020,88.746
20:47 - 20:48 01/03/2020,88.815
20:48 - 20:49 01/03/2020,88.827
20:49 - 20:50 01/03/2020,88.838
20:50 - 20:51 01/03/2020,88.82
20:51 - 20:52 01/03/2020,88.83
20:52 - 20:53 01/03/2020,88.931
20:53 - 20:54 01/03/2020,88.976
20:54 - 20:55 01/03/2020,89.024
20:55 - 20:56 01/03/2020,89.031
20:56 - 20:57 01/03/2020,89.048
20:57 - 20:58 01/03/2020,89.088
20:58 - 20:59 01/03/2020,89.189
20:59 - 21:00 01/03/2020,89.146
21:00 - 21:01 01/03/2020,89.106
21:01 - 21:02 01/03/2020,89.354
21:02 - 21:03 01/03/2020,89.304
21:03 - 21:04 01/03/2020,89.465
21:04 - 21:05 01/03/2020,89.422
21:05 - 21:06 01/03/2020,89.405
21:06 - 21:07 01/03/2020,89.389
21:07 - 21:08 01/03/2020,89.435
21:08 - 21:09 01/03/2020,89.397
21:09 - 21:10 01/03/2020,89.38
21:10 - 21:11 01/03/2020,89.234
21:11 - 21:12 01/03/2020,89.29
21:12 - 21:13 01/03/2020,89.26
21:13 - 21:14 01/03/2020,89.264
21:14 - 21:15 01/03/2020,89.284
21:15 - 21:16 01/03/2020,89.346
21:16 - 21:17 01/03/2020,89.324
21:17 - 21:18 01/03/2020,89.322
21:18 - 21:19 01/03/2020,89.334
21:19 - 21:20 01/03/2020,89.343
21:20 - 21:21 01/03/2020,89.308
21:21 - 21:22 01/03/2020,89.323
21:22 - 21:23 01/03/2020,89.302
21:23 - 21:24 01/03/2020,89.306
21:24 - 21:25 01/03/2020,89.25
21:25 - 21:26 01/03/2020,89.228
21:26 - 21:27 01/03/2020,89.125
21:27 - 21:28 01/03/2020,89.101
21:28 - 21:29 01/03/2020,88.971
21:29 - 21:30 01/03/2020,89.01
21:30 - 21:31 01/03/2020,88.931
21:31 - 21:32 01/03/2020,88.936
21:32 - 21:33 01/03/2020,88.974
21:33 - 21:34 01/03/2020,89.046
21:34 - 21:35 01/03/2020,88.962
21:35 - 21:36 01/03/2020,88.918
21:36 - 21:37 01/03/2020,88.896
21:37 - 21:38 01/03/2020,88.836
21:38 - 21:39 01/03/2020,88.862
21:39 - 21:40 01/03/2020,88.808
21:40 - 21:41 01/03/2020,88.83
21:41 - 21:42 01/03/2020,88.846
21:42 - 21:43 01/03/2020,88.886
21:43 - 21:44 01/03/2020,88.872
21:44 - 21:45 01/03/2020,88.818
21:45 - 21:46 01/03/2020,88.88
21:46 - 21:47 01/03/2020,88.857
21:47 - 21:48 01/03/2020,88.838
21:48 - 21:49 01/03/2020,88.81
21:49 - 21:50 01/03/2020,88.714
21:50 - 21:51 01/03/2020,88.604
21:51 - 21:52 01/03/2020,88.501
21:52 - 21:53 01/03/2020,88.592
21:53 - 21:54 01/03/2020,88.636
21:54 - 21:55 01/03/2020,88.59
21:55 - 21:56 01/03/2020,88.6
21:56 - 21:57 01/03/2020,88.65
21:57 - 21:58 01/03/2020,88.579
21:58 - 21:59 01/03/2020,88.636
21:59 - 22:00 01/03/2020,88.602
15:30 - 15:31 01/06/2020,88.67
15:31 - 15:32 01/06/2020,88.776
15:32 - 15:33 01/06/2020,88.906
15:33 - 15:34 01/06/2020,89.255
15:34 - 15:35 01/06/2020,89.055
15:35 - 15:36 01/06/2020,89.122
15:36 - 15:37 01/06/2020,89.042
15:37 - 15:38 01/06/2020,88.8
15:38 - 15:39 01/06/2020,88.736
15:39 - 15:40 01/06/2020,88.804
15:40 - 15:41 01/06/2020,88.554
15:41 - 15:42 01/06/2020,88.444
15:42 - 15:43 01/06/2020,88.514
15:43 - 15:44 01/06/2020,88.764
15:44 - 15:45 01/06/2020,88.948
15:45 - 15:46 01/06/2020,89.229
15:46 - 15:47 01/06/2020,89.295
15:47 - 15:48 01/06/2020,89.2
15:48 - 15:49 01/06/2020,89.3
15:49 - 15:50 01/06/2020,89.148
15:50 - 15:51 01/06/2020,88.98
15:51 - 15:52 01/06/2020,89.034
15:52 - 15:53 01/06/2020,88.919
15:53 - 15:54 01/06/2020,88.844
15:54 - 15:55 01/06/2020,88.72
15:55 - 15:56 01/06/2020,88.916
15:56 - 15:57 01/06/2020,88.502
15:57 - 15:58 01/06/2020,88.54
15:58 - 15:59 01/06/2020,88.615
15:59 - 16:00 01/06/2020,88.423
16:00 - 16:01 01/06/2020,88.422
16:01 - 16:02 01/06/2020,88.611
16:02 - 16:03 01/06/2020,88.724
16:03 - 16:04 01/06/2020,88.543
16:04 - 16:05 01/06/2020,88.55
16:05 - 16:06 01/06/2020,88.518
16:06 - 16:07 01/06/2020,88.444
16:07 - 16:08 01/06/2020,88.546
16:08 - 16:09 01/06/2020,88.7
16:09 - 16:10 01/06/2020,88.666
16:10 - 16:11 01/06/2020,88.4
16:11 - 16:12 01/06/2020,88.528
16:12 - 16:13 01/06/2020,88.58
16:13 - 16:14 01/06/2020,88.509
16:14 - 16:15 01/06/2020,88.534
16:15 - 16:16 01/06/2020,88.573
16:16 - 16:17 01/06/2020,88.366
16:17 - 16:18 01/06/2020,88.324
16:18 - 16:19 01/06/2020,88.353
16:19 - 16:20 01/06/2020,88.466
16:20 - 16:21 01/06/2020,88.534
16:21 - 16:22 01/06/2020,88.55
16:22 - 16:23 01/06/2020,88.544
16:23 - 16:24 01/06/2020,88.718
16:24 - 16:25 01/06/2020,88.742
16:25 - 16:26 01/06/2020,88.658
16:26 - 16:27 01/06/2020,88.626
16:27 - 16:28 01/06/2020,88.684
16:28 - 16:29 01/06/2020,88.787
16:29 - 16:30 01/06/2020,88.732
16:30 - 16:31 01/06/2020,88.633
16:31 - 16:32 01/06/2020,88.598
16:32 - 16:33 01/06/2020,88.62
16:33 - 16:34 01/06/2020,88.614
16:34 - 16:35 01/06/2020,88.633
16:35 - 16:36 01/06/2020,88.611
16:36 - 16:37 01/06/2020,88.679
16:37 - 16:38 01/06/2020,88.729
16:38 - 16:39 01/06/2020,88.733
16:39 - 16:40 01/06/2020,88.631
16:40 - 16:41 01/06/2020,88.581
16:41 - 16:42 01/06/2020,88.652
16:42 - 16:43 01/06/2020,88.731
16:43 - 16:44 01/06/2020,88.749
16:44 - 16:45 01/06/2020,88.734
16:45 - 16:46 01/06/2020,88.756
16:46 - 16:47 01/06/2020,88.84
16:47 - 16:48 01/06/2020,88.936
16:48 - 16:49 01/06/2020,88.928
16:49 - 16:50 01/06/2020,88.902
16:50 - 16:51 01/06/2020,88.932
16:51 - 16:52 01/06/2020,88.999
16:52 - 16:53 01/06/2020,89.098
16:53 - 16:54 01/06/2020,89.06
16:54 - 16:55 01/06/2020,89.021
16:55 - 16:56 01/06/2020,89.016
16:56 - 16:57 01/06/2020,89.012
16:57 - 16:58 01/06/2020,89.07
16:58 - 16:59 01/06/2020,89.192
16:59 - 17:00 01/06/2020,89.164
17:00 - 17:01 01/06/2020,89.14
17:01 - 17:02 01/06/2020,89.138
17:02 - 17:03 01/06/2020,89.112
17:03 - 17:04 01/06/2020,89.002
17:04 - 17:05 01/06/2020,88.974
17:05 - 17:06 01/06/2020,89.084
17:06 - 17:07 01/06/2020,89.108
17:07 - 17:08 01/06/2020,89.044
17:08 - 17:09 01/06/2020,89.088
17:09 - 17:10 01/06/2020,89.14
17:10 - 17:11 01/06/2020,89.16
17:11 - 17:12 01/06/2020,89.28
17:12 - 17:13 01/06/2020,89.282
17:13 - 17:14 01/06/2020,89.205
17:14 - 17:15 01/06/2020,89.165
17:15 - 17:16 01/06/2020,89.158
17:16 - 17:17 01/06/2020,89.236
17:17 - 17:18 01/06/2020,89.218
17:18 - 17:19 01/06/2020,89.235
17:19 - 17:20 01/06/2020,89.21
17:20 - 17:21 01/06/2020,89.232
17:21 - 17:22 01/06/2020,89.314
17:22 - 17:23 01/06/2020,89.334
17:23 - 17:24 01/06/2020,89.348
17:24 - 17:25 01/06/2020,89.335
17:25 - 17:26 01/06/2020,89.232
17:26 - 17:27 01/06/2020,89.234
17:27 - 17:28 01/06/2020,89.234
17:28 - 17:29 01/06/2020,89.23
17:29 - 17:30 01/06/2020,89.194
17:30 - 17:31 01/06/2020,89.211
17:31 - 17:32 01/06/2020,89.203
17:32 - 17:33 01/06/2020,89.162
17:33 - 17:34 01/06/2020,89.178
17:34 - 17:35 01/06/2020,89.122
17:35 - 17:36 01/06/2020,89.144
17:36 - 17:37 01/06/2020,89.173
17:37 - 17:38 01/06/2020,89.174
17:38 - 17:39 01/06/2020,89.184
17:39 - 17:40 01/06/2020,89.156
17:40 - 17:41 01/06/2020,89.132
17:41 - 17:42 01/06/2020,89.083
17:42 - 17:43 01/06/2020,89.104
17:43 - 17:44 01/06/2020,89.012
17:44 - 17:45 01/06/2020,89.006
17:45 - 17:46 01/06/2020,89.036
17:46 - 17:47 01/06/2020,89.019
17:47 - 17:48 01/06/2020,88.98
17:48 - 17:49 01/06/2020,88.983
17:49 - 17:50 01/06/2020,88.919
17:50 - 17:51 01/06/2020,88.935
17:51 - 17:52 01/06/2020,88.934
17:52 - 17:53 01/06/2020,88.84
17:53 - 17:54 01/06/2020,88.856
17:54 - 17:55 01/06/2020,88.838
17:55 - 17:56 01/06/2020,88.935
17:56 - 17:57 01/06/2020,88.862
17:57 - 17:58 01/06/2020,88.881
17:58 - 17:59 01/06/2020,88.934
17:59 - 18:00 01/06/2020,88.902
18:00 - 18:01 01/06/2020,88.92
18:01 - 18:02 01/06/2020,88.878
18:02 - 18:03 01/06/2020,88.828
18:03 - 18:04 01/06/2020,88.801
18:04 - 18:05 01/06/2020,88.75
18:05 - 18:06 01/06/2020,88.814
18:06 - 18:07 01/06/2020,88.796
18:07 - 18:08 01/06/2020,88.78
18:08 - 18:09 01/06/2020,88.812
18:09 - 18:10 01/06/2020,88.78
18:10 - 18:11 01/06/2020,88.817
18:11 - 18:12 01/06/2020,88.701
18:12 - 18:13 01/06/2020,88.711
18:13 - 18:14 01/06/2020,88.688
18:14 - 18:15 01/06/2020,88.638
18:15 - 18:16 01/06/2020,88.702
18:16 - 18:17 01/06/2020,88.782
18:17 - 18:18 01/06/2020,88.77
18:18 - 18:19 01/06/2020,88.752
18:19 - 18:20 01/06/2020,88.742
18:20 - 18:21 01/06/2020,88.704
18:21 - 18:22 01/06/2020,88.748
18:22 - 18:23 01/06/2020,88.714
18:23 - 18:24 01/06/2020,88.692
18:24 - 18:25 01/06/2020,88.736
18:25 - 18:26 01/06/2020,88.746
18:26 - 18:27 01/06/2020,88.84
18:27 - 18:28 01/06/2020,88.858
18:28 - 18:29 01/06/2020,88.924
18:29 - 18:30 01/06/2020,88.946
18:30 - 18:31 01/06/2020,89.002
18:31 - 18:32 01/06/2020,89.004
18:32 - 18:33 01/06/2020,88.954
18:33 - 18:34 01/06/2020,88.954
18:34 - 18:35 01/06/2020,88.892
18:35 - 18:36 01/06/2020,88.894
18:36 - 18:37 01/06/2020,88.909
18:37 - 18:38 01/06/2020,88.881
18:38 - 18:39 01/06/2020,88.855
18:39 - 18:40 01/06/2020,88.844
18:40 - 18:41 01/06/2020,88.849
18:41 - 18:42 01/06/2020,88.85
18:42 - 18:43 01/06/2020,88.828
18:43 - 18:44 01/06/2020,88.908
18:44 - 18:45 01/06/2020,88.892
18:45 - 18:46 01/06/2020,88.932
18:46 - 18:47 01/06/2020,88.926
18:47 - 18:48 01/06/2020,88.932
18:48 - 18:49 01/06/2020,88.964
18:49 - 18:50 01/06/2020,88.982
18:50 - 18:51 01/06/2020,89
18:51 - 18:52 01/06/2020,88.91
18:52 - 18:53 01/06/2020,88.996
18:53 - 18:54 01/06/2020,89
18:54 - 18:55 01/06/2020,88.987
18:55 - 18:56 01/06/2020,89.011
18:56 - 18:57 01/06/2020,88.984
18:57 - 18:58 01/06/2020,88.994
18:58 - 18:59 01/06/2020,88.978
18:59 - 19:00 01/06/2020,88.972
19:00 - 19:01 01/06/2020,88.973
19:01 - 19:02 01/06/2020,88.997
19:02 - 19:03 01/06/2020,89.003
19:03 - 19:04 01/06/2020,88.94
19:04 - 19:05 01/06/2020,88.924
19:05 - 19:06 01/06/2020,88.968
19:06 - 19:07 01/06/2020,89.052
19:07 - 19:08 01/06/2020,89.039
19:08 - 19:09 01/06/2020,88.996
19:09 - 19:10 01/06/2020,89
19:10 - 19:11 01/06/2020,88.96
19:11 - 19:12 01/06/2020,89.024
19:12 - 19:13 01/06/2020,89.05
19:13 - 19:14 01/06/2020,89.032
19:14 - 19:15 01/06/2020,89.07
19:15 - 19:16 01/06/2020,89.064
19:16 - 19:17 01/06/2020,89.036
19:17 - 19:18 01/06/2020,88.96
19:18 - 19:19 01/06/2020,88.976
19:19 - 19:20 01/06/2020,88.956
19:20 - 19:21 01/06/2020,88.954
19:21 - 19:22 01/06/2020,88.962
19:22 - 19:23 01/06/2020,88.93
19:23 - 19:24 01/06/2020,88.84
19:24 - 19:25 01/06/2020,88.838
19:25 - 19:26 01/06/2020,88.911
19:26 - 19:27 01/06/2020,89.016
19:27 - 19:28 01/06/2020,89.016
19:28 - 19:29 01/06/2020,89
19:29 - 19:30 01/06/2020,89.034
19:30 - 19:31 01/06/2020,89.036
19:31 - 19:32 01/06/2020,89.036
19:32 - 19:33 01/06/2020,89.02
19:33 - 19:34 01/06/2020,89
19:34 - 19:35 01/06/2020,89.001
19:35 - 19:36 01/06/2020,89.004
19:36 - 19:37 01/06/2020,88.976
19:37 - 19:38 01/06/2020,88.989
19:38 - 19:39 01/06/2020,88.98
19:39 - 19:40 01/06/2020,88.969
19:40 - 19:41 01/06/2020,88.961
19:41 - 19:42 01/06/2020,88.96
19:42 - 19:43 01/06/2020,88.964
19:43 - 19:44 01/06/2020,88.969
19:44 - 19:45 01/06/2020,88.974
19:45 - 19:46 01/06/2020,88.973
19:46 - 19:47 01/06/2020,89.034
19:47 - 19:48 01/06/2020,89.09
19:48 - 19:49 01/06/2020,89.108
19:49 - 19:50 01/06/2020,89.087
19:50 - 19:51 01/06/2020,89.093
19:51 - 19:52 01/06/2020,89.094
19:52 - 19:53 01/06/2020,89.102
19:53 - 19:54 01/06/2020,89.108
19:54 - 19:55 01/06/2020,89.193
19:55 - 19:56 01/06/2020,89.196
19:56 - 19:57 01/06/2020,89.154
19:57 - 19:58 01/06/2020,89.19
19:58 - 19:59 01/06/2020,89.246
19:59 - 20:00 01/06/2020,89.264
20:00 - 20:01 01/06/2020,89.226
20:01 - 20:02 01/06/2020,89.15
20:02 - 20:03 01/06/2020,89.196
20:03 - 20:04 01/06/2020,89.205
20:04 - 20:05 01/06/2020,89.188
20:05 - 20:06 01/06/2020,89.208
20:06 - 20:07 01/06/2020,89.218
20:07 - 20:08 01/06/2020,89.224
20:08 - 20:09 01/06/2020,89.187
20:09 - 20:10 01/06/2020,89.208
20:10 - 20:11 01/06/2020,89.196
20:11 - 20:12 01/06/2020,89.225
20:12 - 20:13 01/06/2020,89.288
20:13 - 20:14 01/06/2020,89.313
20:14 - 20:15 01/06/2020,89.275
20:15 - 20:16 01/06/2020,89.327
20:16 - 20:17 01/06/2020,89.37
20:17 - 20:18 01/06/2020,89.407
20:18 - 20:19 01/06/2020,89.47
20:19 - 20:20 01/06/2020,89.504
20:20 - 20:21 01/06/2020,89.59
20:21 - 20:22 01/06/2020,89.572
20:22 - 20:23 01/06/2020,89.48
20:23 - 20:24 01/06/2020,89.501
20:24 - 20:25 01/06/2020,89.52
20:25 - 20:26 01/06/2020,89.456
20:26 - 20:27 01/06/2020,89.5
20:27 - 20:28 01/06/2020,89.484
20:28 - 20:29 01/06/2020,89.53
20:29 - 20:30 01/06/2020,89.62
20:30 - 20:31 01/06/2020,89.638
20:31 - 20:32 01/06/2020,89.662
20:32 - 20:33 01/06/2020,89.72
20:33 - 20:34 01/06/2020,89.734
20:34 - 20:35 01/06/2020,89.66
20:35 - 20:36 01/06/2020,89.638
20:36 - 20:37 01/06/2020,89.758
20:37 - 20:38 01/06/2020,89.743
20:38 - 20:39 01/06/2020,89.738
20:39 - 20:40 01/06/2020,89.706
20:40 - 20:41 01/06/2020,89.771
20:41 - 20:42 01/06/2020,89.857
20:42 - 20:43 01/06/2020,89.992
20:43 - 20:44 01/06/2020,89.987
20:44 - 20:45 01/06/2020,89.978
20:45 - 20:46 01/06/2020,89.944
20:46 - 20:47 01/06/2020,89.765
20:47 - 20:48 01/06/2020,89.8
20:48 - 20:49 01/06/2020,89.817
20:49 - 20:50 01/06/2020,89.836
20:50 - 20:51 01/06/2020,89.846
20:51 - 20:52 01/06/2020,89.838
20:52 - 20:53 01/06/2020,89.866
20:53 - 20:54 01/06/2020,89.93
20:54 - 20:55 01/06/2020,89.997
20:55 - 20:56 01/06/2020,89.99
20:56 - 20:57 01/06/2020,89.985
20:57 - 20:58 01/06/2020,90.04
20:58 - 20:59 01/06/2020,89.98
20:59 - 21:00 01/06/2020,89.958
21:00 - 21:01 01/06/2020,89.844
21:01 - 21:02 01/06/2020,89.884
21:02 - 21:03 01/06/2020,89.847
21:03 - 21:04 01/06/2020,89.856
21:04 - 21:05 01/06/2020,89.863
21:05 - 21:06 01/06/2020,89.812
21:06 - 21:07 01/06/2020,89.79
21:07 - 21:08 01/06/2020,89.817
21:08 - 21:09 01/06/2020,89.797
21:09 - 21:10 01/06/2020,89.844
21:10 - 21:11 01/06/2020,89.816
21:11 - 21:12 01/06/2020,89.826
21:12 - 21:13 01/06/2020,89.797
21:13 - 21:14 01/06/2020,89.781
21:14 - 21:15 01/06/2020,89.771
21:15 - 21:16 01/06/2020,89.8
21:16 - 21:17 01/06/2020,89.788
21:17 - 21:18 01/06/2020,89.894
21:18 - 21:19 01/06/2020,89.986
21:19 - 21:20 01/06/2020,89.952
21:20 - 21:21 01/06/2020,89.878
21:21 - 21:22 01/06/2020,89.866
21:22 - 21:23 01/06/2020,89.827
21:23 - 21:24 01/06/2020,89.833
21:24 - 21:25 01/06/2020,89.829
21:25 - 21:26 01/06/2020,89.776
21:26 - 21:27 01/06/2020,89.784
21:27 - 21:28 01/06/2020,89.783
21:28 - 21:29 01/06/2020,89.724
21:29 - 21:30 01/06/2020,89.726
21:30 - 21:31 01/06/2020,89.836
21:31 - 21:32 01/06/2020,89.846
21:32 - 21:33 01/06/2020,89.842
21:33 - 21:34 01/06/2020,89.872
21:34 - 21:35 01/06/2020,89.879
21:35 - 21:36 01/06/2020,89.857
21:36 - 21:37 01/06/2020,89.847
21:37 - 21:38 01/06/2020,89.87
21:38 - 21:39 01/06/2020,89.95
21:39 - 21:40 01/06/2020,89.904
21:40 - 21:41 01/06/2020,89.966
21:41 - 21:42 01/06/2020,89.97
21:42 - 21:43 01/06/2020,90.046
21:43 - 21:44 01/06/2020,90.057
21:44 - 21:45 01/06/2020,90.153
21:45 - 21:46 01/06/2020,90.15
21:46 - 21:47 01/06/2020,90.068
21:47 - 21:48 01/06/2020,90.133
21:48 - 21:49 01/06/2020,90.13
21:49 - 21:50 01/06/2020,90.128
21:50 - 21:51 01/06/2020,90.136
21:51 - 21:52 01/06/2020,90.086
21:52 - 21:53 01/06/2020,90.117
21:53 - 21:54 01/06/2020,90.166
21:54 - 21:55 01/06/2020,90.18
21:55 - 21:56 01/06/2020,90.226
21:56 - 21:57 01/06/2020,90.265
21:57 - 21:58 01/06/2020,90.208
21:58 - 21:59 01/06/2020,90.276
21:59 - 22:00 01/06/2020,90.308
07JAN2020_00:00:00.000000 01/06/2020,
15:30 - 15:31 01/07/2020,91.88
15:31 - 15:32 01/07/2020,91.992
15:32 - 15:33 01/07/2020,92.15
15:33 - 15:34 01/07/2020,92.128
15:34 - 15:35 01/07/2020,91.851
15:35 - 15:36 01/07/2020,91.412
15:36 - 15:37 01/07/2020,91.276
15:37 - 15:38 01/07/2020,91.274
15:38 - 15:39 01/07/2020,90.888
15:39 - 15:40 01/07/2020,90.804
15:40 - 15:41 01/07/2020,91.3
15:41 - 15:42 01/07/2020,91.372
15:42 - 15:43 01/07/2020,91.34
15:43 - 15:44 01/07/2020,91.206
15:44 - 15:45 01/07/2020,91.44
15:45 - 15:46 01/07/2020,91.56
15:46 - 15:47 01/07/2020,91.489
15:47 - 15:48 01/07/2020,91.457
15:48 - 15:49 01/07/2020,91.56
15:49 - 15:50 01/07/2020,91.634
15:50 - 15:51 01/07/2020,91.482
15:51 - 15:52 01/07/2020,91.506
15:52 - 15:53 01/07/2020,91.6
15:53 - 15:54 01/07/2020,91.71
15:54 - 15:55 01/07/2020,91.686
15:55 - 15:56 01/07/2020,91.6
15:56 - 15:57 01/07/2020,91.805
15:57 - 15:58 01/07/2020,91.904
15:58 - 15:59 01/07/2020,91.963
15:59 - 16:00 01/07/2020,92.098
16:00 - 16:01 01/07/2020,91.98
16:01 - 16:02 01/07/2020,91.854
16:02 - 16:03 01/07/2020,92.022
16:03 - 16:04 01/07/2020,91.92
16:04 - 16:05 01/07/2020,91.964
16:05 - 16:06 01/07/2020,91.89
16:06 - 16:07 01/07/2020,91.896
16:07 - 16:08 01/07/2020,91.82
16:08 - 16:09 01/07/2020,91.706
16:09 - 16:10 01/07/2020,91.882
16:10 - 16:11 01/07/2020,91.934
16:11 - 16:12 01/07/2020,92.004
16:12 - 16:13 01/07/2020,92.098
16:13 - 16:14 01/07/2020,92.26
16:14 - 16:15 01/07/2020,92.148
16:15 - 16:16 01/07/2020,92.239
16:16 - 16:17 01/07/2020,92.174
16:17 - 16:18 01/07/2020,92.053
16:18 - 16:19 01/07/2020,92
16:19 - 16:20 01/07/2020,92.02
16:20 - 16:21 01/07/2020,92.062
16:21 - 16:22 01/07/2020,92.18
16:22 - 16:23 01/07/2020,91.968
16:23 - 16:24 01/07/2020,92.036
16:24 - 16:25 01/07/2020,92.035
16:25 - 16:26 01/07/2020,91.814
16:26 - 16:27 01/07/2020,91.803
16:27 - 16:28 01/07/2020,91.768
16:28 - 16:29 01/07/2020,91.857
16:29 - 16:30 01/07/2020,92.001
16:30 - 16:31 01/07/2020,91.944
16:31 - 16:32 01/07/2020,91.86
16:32 - 16:33 01/07/2020,91.75
16:33 - 16:34 01/07/2020,91.706
16:34 - 16:35 01/07/2020,91.574
16:35 - 16:36 01/07/2020,91.626
16:36 - 16:37 01/07/2020,91.652
16:37 - 16:38 01/07/2020,91.756
16:38 - 16:39 01/07/2020,91.768
16:39 - 16:40 01/07/2020,91.838
16:40 - 16:41 01/07/2020,91.772
16:41 - 16:42 01/07/2020,91.671
16:42 - 16:43 01/07/2020,91.623
16:43 - 16:44 01/07/2020,91.75
16:44 - 16:45 01/07/2020,91.786
16:45 - 16:46 01/07/2020,91.766
16:46 - 16:47 01/07/2020,91.717
16:47 - 16:48 01/07/2020,91.828
16:48 - 16:49 01/07/2020,91.79
16:49 - 16:50 01/07/2020,91.776
16:50 - 16:51 01/07/2020,91.802
16:51 - 16:52 01/07/2020,91.658
16:52 - 16:53 01/07/2020,91.629
16:53 - 16:54 01/07/2020,91.71
16:54 - 16:55 01/07/2020,91.702
16:55 - 16:56 01/07/2020,91.666
16:56 - 16:57 01/07/2020,91.71
16:57 - 16:58 01/07/2020,91.7
16:58 - 16:59 01/07/2020,91.614
16:59 - 17:00 01/07/2020,91.574
17:00 - 17:01 01/07/2020,91.428
17:01 - 17:02 01/07/2020,91.512
17:02 - 17:03 01/07/2020,91.598
17:03 - 17:04 01/07/2020,91.62
17:04 - 17:05 01/07/2020,91.733
17:05 - 17:06 01/07/2020,91.836
17:06 - 17:07 01/07/2020,91.795
17:07 - 17:08 01/07/2020,91.821
17:08 - 17:09 01/07/2020,91.883
17:09 - 17:10 01/07/2020,91.966
17:10 - 17:11 01/07/2020,92
17:11 - 17:12 01/07/2020,92.044
17:12 - 17:13 01/07/2020,92.13
17:13 - 17:14 01/07/2020,92.043
17:14 - 17:15 01/07/2020,92.074
17:15 - 17:16 01/07/2020,92.108
17:16 - 17:17 01/07/2020,92.018
17:17 - 17:18 01/07/2020,91.964
17:18 - 17:19 01/07/2020,92.034
17:19 - 17:20 01/07/2020,92.082
17:20 - 17:21 01/07/2020,92.1
17:21 - 17:22 01/07/2020,92.136
17:22 - 17:23 01/07/2020,92.119
17:23 - 17:24 01/07/2020,92.182
17:24 - 17:25 01/07/2020,92.23
17:25 - 17:26 01/07/2020,92.182
17:26 - 17:27 01/07/2020,92.176
17:27 - 17:28 01/07/2020,92.154
17:28 - 17:29 01/07/2020,92.139
17:29 - 17:30 01/07/2020,92.116
17:30 - 17:31 01/07/2020,92.164
17:31 - 17:32 01/07/2020,92.066
17:32 - 17:33 01/07/2020,92.066
17:33 - 17:34 01/07/2020,92.132
17:34 - 17:35 01/07/2020,92.107
17:35 - 17:36 01/07/2020,92.072
17:36 - 17:37 01/07/2020,92.106
17:37 - 17:38 01/07/2020,92.032
17:38 - 17:39 01/07/2020,92.026
17:39 - 17:40 01/07/2020,92.086
17:40 - 17:41 01/07/2020,92.16
17:41 - 17:42 01/07/2020,92.186
17:42 - 17:43 01/07/2020,92.222
17:43 - 17:44 01/07/2020,92.2
17:44 - 17:45 01/07/2020,92.083
17:45 - 17:46 01/07/2020,92.126
17:46 - 17:47 01/07/2020,92.092
17:47 - 17:48 01/07/2020,92.118
17:48 - 17:49 01/07/2020,92.09
17:49 - 17:50 01/07/2020,92.181
17:50 - 17:51 01/07/2020,92.188
17:51 - 17:52 01/07/2020,92.172
17:52 - 17:53 01/07/2020,92.108
17:53 - 17:54 01/07/2020,92.135
17:54 - 17:55 01/07/2020,92.118
17:55 - 17:56 01/07/2020,92.08
17:56 - 17:57 01/07/2020,91.996
17:57 - 17:58 01/07/2020,92.042
17:58 - 17:59 01/07/2020,92.107
17:59 - 18:00 01/07/2020,92.127
18:00 - 18:01 01/07/2020,92.182
18:01 - 18:02 01/07/2020,92.25
18:02 - 18:03 01/07/2020,92.356
18:03 - 18:04 01/07/2020,92.524
18:04 - 18:05 01/07/2020,92.41
18:05 - 18:06 01/07/2020,92.484
18:06 - 18:07 01/07/2020,92.558
18:07 - 18:08 01/07/2020,92.533
18:08 - 18:09 01/07/2020,92.443
18:09 - 18:10 01/07/2020,92.506
18:10 - 18:11 01/07/2020,92.388
18:11 - 18:12 01/07/2020,92.508
18:12 - 18:13 01/07/2020,92.567
18:13 - 18:14 01/07/2020,92.729
18:14 - 18:15 01/07/2020,92.765
18:15 - 18:16 01/07/2020,92.743
18:16 - 18:17 01/07/2020,92.774
18:17 - 18:18 01/07/2020,92.744
18:18 - 18:19 01/07/2020,92.88
18:19 - 18:20 01/07/2020,92.83
18:20 - 18:21 01/07/2020,92.605
18:21 - 18:22 01/07/2020,92.704
18:22 - 18:23 01/07/2020,92.751
18:23 - 18:24 01/07/2020,92.743
18:24 - 18:25 01/07/2020,92.591
18:25 - 18:26 01/07/2020,92.511
18:26 - 18:27 01/07/2020,92.508
18:27 - 18:28 01/07/2020,92.576
18:28 - 18:29 01/07/2020,92.686
18:29 - 18:30 01/07/2020,92.722
18:30 - 18:31 01/07/2020,92.809
18:31 - 18:32 01/07/2020,92.693
18:32 - 18:33 01/07/2020,92.706
18:33 - 18:34 01/07/2020,92.684
18:34 - 18:35 01/07/2020,92.736
18:35 - 18:36 01/07/2020,92.842
18:36 - 18:37 01/07/2020,92.823
18:37 - 18:38 01/07/2020,92.788
18:38 - 18:39 01/07/2020,92.888
18:39 - 18:40 01/07/2020,92.894
18:40 - 18:41 01/07/2020,92.92
18:41 - 18:42 01/07/2020,92.8
18:42 - 18:43 01/07/2020,92.748
18:43 - 18:44 01/07/2020,92.738
18:44 - 18:45 01/07/2020,92.714
18:45 - 18:46 01/07/2020,92.731
18:46 - 18:47 01/07/2020,92.86
18:47 - 18:48 01/07/2020,92.749
18:48 - 18:49 01/07/2020,92.772
18:49 - 18:50 01/07/2020,92.798
18:50 - 18:51 01/07/2020,92.831
18:51 - 18:52 01/07/2020,92.855
18:52 - 18:53 01/07/2020,92.856
18:53 - 18:54 01/07/2020,92.943
18:54 - 18:55 01/07/2020,92.937
18:55 - 18:56 01/07/2020,92.922
18:56 - 18:57 01/07/2020,92.934
18:57 - 18:58 01/07/2020,92.908
18:58 - 18:59 01/07/2020,92.898
18:59 - 19:00 01/07/2020,92.896
19:00 - 19:01 01/07/2020,92.94
19:01 - 19:02 01/07/2020,93.04
19:02 - 19:03 01/07/2020,93.044
19:03 - 19:04 01/07/2020,93.136
19:04 - 19:05 01/07/2020,93.292
19:05 - 19:06 01/07/2020,93.319
19:06 - 19:07 01/07/2020,93.19
19:07 - 19:08 01/07/2020,93.322
19:08 - 19:09 01/07/2020,93.396
19:09 - 19:10 01/07/2020,93.39
19:10 - 19:11 01/07/2020,93.385
19:11 - 19:12 01/07/2020,93.36
19:12 - 19:13 01/07/2020,93.32
19:13 - 19:14 01/07/2020,93.418
19:14 - 19:15 01/07/2020,93.553
19:15 - 19:16 01/07/2020,93.638
19:16 - 19:17 01/07/2020,93.654
19:17 - 19:18 01/07/2020,93.812
19:18 - 19:19 01/07/2020,93.904
19:19 - 19:20 01/07/2020,93.743
19:20 - 19:21 01/07/2020,93.835
19:21 - 19:22 01/07/2020,93.694
19:22 - 19:23 01/07/2020,93.637
19:23 - 19:24 01/07/2020,93.715
19:24 - 19:25 01/07/2020,93.624
19:25 - 19:26 01/07/2020,93.496
19:26 - 19:27 01/07/2020,93.424
19:27 - 19:28 01/07/2020,93.564
19:28 - 19:29 01/07/2020,93.537
19:29 - 19:30 01/07/2020,93.515
19:30 - 19:31 01/07/2020,93.634
19:31 - 19:32 01/07/2020,93.758
19:32 - 19:33 01/07/2020,93.835
19:33 - 19:34 01/07/2020,93.729
19:34 - 19:35 01/07/2020,93.656
19:35 - 19:36 01/07/2020,93.676
19:36 - 19:37 01/07/2020,93.628
19:37 - 19:38 01/07/2020,93.744
19:38 - 19:39 01/07/2020,93.652
19:39 - 19:40 01/07/2020,93.673
19:40 - 19:41 01/07/2020,93.704
19:41 - 19:42 01/07/2020,93.68
19:42 - 19:43 01/07/2020,93.668
19:43 - 19:44 01/07/2020,93.548
19:44 - 19:45 01/07/2020,93.464
19:45 - 19:46 01/07/2020,93.555
19:46 - 19:47 01/07/2020,93.545
19:47 - 19:48 01/07/2020,93.636
19:48 - 19:49 01/07/2020,93.732
19:49 - 19:50 01/07/2020,93.698
19:50 - 19:51 01/07/2020,93.64
19:51 - 19:52 01/07/2020,93.671
19:52 - 19:53 01/07/2020,93.831
19:53 - 19:54 01/07/2020,93.618
19:54 - 19:55 01/07/2020,93.718
19:55 - 19:56 01/07/2020,93.818
19:56 - 19:57 01/07/2020,93.819
19:57 - 19:58 01/07/2020,93.919
19:58 - 19:59 01/07/2020,93.758
19:59 - 20:00 01/07/2020,93.86
20:00 - 20:01 01/07/2020,93.894
20:01 - 20:02 01/07/2020,93.928
20:02 - 20:03 01/07/2020,93.933
20:03 - 20:04 01/07/2020,93.886
20:04 - 20:05 01/07/2020,93.901
20:05 - 20:06 01/07/2020,94.03
20:06 - 20:07 01/07/2020,94.146
20:07 - 20:08 01/07/2020,94.127
20:08 - 20:09 01/07/2020,94.1
20:09 - 20:10 01/07/2020,94.146
20:10 - 20:11 01/07/2020,93.982
20:11 - 20:12 01/07/2020,94.062
20:12 - 20:13 01/07/2020,94.048
20:13 - 20:14 01/07/2020,93.854
20:14 - 20:15 01/07/2020,93.796
20:15 - 20:16 01/07/2020,93.708
20:16 - 20:17 01/07/2020,93.562
20:17 - 20:18 01/07/2020,93.666
20:18 - 20:19 01/07/2020,93.674
20:19 - 20:20 01/07/2020,93.793
20:20 - 20:21 01/07/2020,93.687
20:21 - 20:22 01/07/2020,93.696
20:22 - 20:23 01/07/2020,93.694
20:23 - 20:24 01/07/2020,93.863
20:24 - 20:25 01/07/2020,93.776
20:25 - 20:26 01/07/2020,93.883
20:26 - 20:27 01/07/2020,93.969
20:27 - 20:28 01/07/2020,94.08
20:28 - 20:29 01/07/2020,93.992
20:29 - 20:30 01/07/2020,93.875
20:30 - 20:31 01/07/2020,94.01
20:31 - 20:32 01/07/2020,93.977
20:32 - 20:33 01/07/2020,93.936
20:33 - 20:34 01/07/2020,93.93
20:34 - 20:35 01/07/2020,93.958
20:35 - 20:36 01/07/2020,93.924
20:36 - 20:37 01/07/2020,94.05
20:37 - 20:38 01/07/2020,93.908
20:38 - 20:39 01/07/2020,94.013
20:39 - 20:40 01/07/2020,93.9
20:40 - 20:41 01/07/2020,93.91
20:41 - 20:42 01/07/2020,93.913
20:42 - 20:43 01/07/2020,93.882
20:43 - 20:44 01/07/2020,93.818
20:44 - 20:45 01/07/2020,93.861
20:45 - 20:46 01/07/2020,93.956
20:46 - 20:47 01/07/2020,93.927
20:47 - 20:48 01/07/2020,94.06
20:48 - 20:49 01/07/2020,94.016
20:49 - 20:50 01/07/2020,94.014
20:50 - 20:51 01/07/2020,94.012
20:51 - 20:52 01/07/2020,93.957
20:52 - 20:53 01/07/2020,94.004
20:53 - 20:54 01/07/2020,93.946
20:54 - 20:55 01/07/2020,93.988
20:55 - 20:56 01/07/2020,94.036
20:56 - 20:57 01/07/2020,93.982
20:57 - 20:58 01/07/2020,94.101
20:58 - 20:59 01/07/2020,94.165
20:59 - 21:00 01/07/2020,94.17
21:00 - 21:01 01/07/2020,94.099
21:01 - 21:02 01/07/2020,94.138
21:02 - 21:03 01/07/2020,94.2
21:03 - 21:04 01/07/2020,94.114
21:04 - 21:05 01/07/2020,94.139
21:05 - 21:06 01/07/2020,94.133
21:06 - 21:07 01/07/2020,94.064
21:07 - 21:08 01/07/2020,94.082
21:08 - 21:09 01/07/2020,94.016
21:09 - 21:10 01/07/2020,94.067
21:10 - 21:11 01/07/2020,94.124
21:11 - 21:12 01/07/2020,94.134
21:12 - 21:13 01/07/2020,94.06
21:13 - 21:14 01/07/2020,94.148
21:14 - 21:15 01/07/2020,94.156
21:15 - 21:16 01/07/2020,94.14
21:16 - 21:17 01/07/2020,94.123
21:17 - 21:18 01/07/2020,94.08
21:18 - 21:19 01/07/2020,94.12
21:19 - 21:20 01/07/2020,94.145
21:20 - 21:21 01/07/2020,94.215
21:21 - 21:22 01/07/2020,94.205
21:22 - 21:23 01/07/2020,94.063
21:23 - 21:24 01/07/2020,94.142
21:24 - 21:25 01/07/2020,94.142
21:25 - 21:26 01/07/2020,94.126
21:26 - 21:27 01/07/2020,94.1
21:27 - 21:28 01/07/2020,94.192
21:28 - 21:29 01/07/2020,94.242
21:29 - 21:30 01/07/2020,94.324
21:30 - 21:31 01/07/2020,94.277
21:31 - 21:32 01/07/2020,94.244
21:32 - 21:33 01/07/2020,94.238
21:33 - 21:34 01/07/2020,94.224
21:34 - 21:35 01/07/2020,94.235
21:35 - 21:36 01/07/2020,94.182
21:36 - 21:37 01/07/2020,94.15
21:37 - 21:38 01/07/2020,94.154
21:38 - 21:39 01/07/2020,94.059
21:39 - 21:40 01/07/2020,93.982
21:40 - 21:41 01/07/2020,93.88
21:41 - 21:42 01/07/2020,93.744
21:42 - 21:43 01/07/2020,93.801
21:43 - 21:44 01/07/2020,93.888
21:44 - 21:45 01/07/2020,93.9
21:45 - 21:46 01/07/2020,93.825
21:46 - 21:47 01/07/2020,93.916
21:47 - 21:48 01/07/2020,93.884
21:48 - 21:49 01/07/2020,93.856
21:49 - 21:50 01/07/2020,93.808
21:50 - 21:51 01/07/2020,93.781
21:51 - 21:52 01/07/2020,93.694
21:52 - 21:53 01/07/2020,93.745
21:53 - 21:54 01/07/2020,93.712
21:54 - 21:55 01/07/2020,93.662
21:55 - 21:56 01/07/2020,93.578
21:56 - 21:57 01/07/2020,93.788
21:57 - 21:58 01/07/2020,93.8
21:58 - 21:59 01/07/2020,93.822
21:59 - 22:00 01/07/2020,93.812
08JAN2020_00:00:00.000000 01/07/2020,
15:30 - 15:31 01/08/2020,94.35
15:31 - 15:32 01/08/2020,94.588
15:32 - 15:33 01/08/2020,94.5
15:33 - 15:34 01/08/2020,95.136
15:34 - 15:35 01/08/2020,94.999
15:35 - 15:36 01/08/2020,94.874
15:36 - 15:37 01/08/2020,94.646
15:37 - 15:38 01/08/2020,94.306
15:38 - 15:39 01/08/2020,94.252
15:39 - 15:40 01/08/2020,94.364
15:40 - 15:41 01/08/2020,94.398
15:41 - 15:42 01/08/2020,94.105
15:42 - 15:43 01/08/2020,93.936
15:43 - 15:44 01/08/2020,93.98
15:44 - 15:45 01/08/2020,94.142
15:45 - 15:46 01/08/2020,94.303
15:46 - 15:47 01/08/2020,94.073
15:47 - 15:48 01/08/2020,94.121
15:48 - 15:49 01/08/2020,94.226
15:49 - 15:50 01/08/2020,94.179
15:50 - 15:51 01/08/2020,94.076
15:51 - 15:52 01/08/2020,94.271
15:52 - 15:53 01/08/2020,94.6
15:53 - 15:54 01/08/2020,94.744
15:54 - 15:55 01/08/2020,94.774
15:55 - 15:56 01/08/2020,94.776
15:56 - 15:57 01/08/2020,94.618
15:57 - 15:58 01/08/2020,94.533
15:58 - 15:59 01/08/2020,94.456
15:59 - 16:00 01/08/2020,94.393
16:00 - 16:01 01/08/2020,94.598
16:01 - 16:02 01/08/2020,94.48
16:02 - 16:03 01/08/2020,94.404
16:03 - 16:04 01/08/2020,94.429
16:04 - 16:05 01/08/2020,94.51
16:05 - 16:06 01/08/2020,94.725
16:06 - 16:07 01/08/2020,94.716
16:07 - 16:08 01/08/2020,94.845
16:08 - 16:09 01/08/2020,94.983
16:09 - 16:10 01/08/2020,94.686
16:10 - 16:11 01/08/2020,94.528
16:11 - 16:12 01/08/2020,94.504
16:12 - 16:13 01/08/2020,94.776
16:13 - 16:14 01/08/2020,94.684
16:14 - 16:15 01/08/2020,94.526
16:15 - 16:16 01/08/2020,94.64
16:16 - 16:17 01/08/2020,94.694
16:17 - 16:18 01/08/2020,94.422
16:18 - 16:19 01/08/2020,94.471
16:19 - 16:20 01/08/2020,94.268
16:20 - 16:21 01/08/2020,94.294
16:21 - 16:22 01/08/2020,94.389
16:22 - 16:23 01/08/2020,94.448
16:23 - 16:24 01/08/2020,94.472
16:24 - 16:25 01/08/2020,94.356
16:25 - 16:26 01/08/2020,94.454
16:26 - 16:27 01/08/2020,94.638
16:27 - 16:28 01/08/2020,94.574
16:28 - 16:29 01/08/2020,94.604
16:29 - 16:30 01/08/2020,94.6
16:30 - 16:31 01/08/2020,94.592
16:31 - 16:32 01/08/2020,94.734
16:32 - 16:33 01/08/2020,94.55
16:33 - 16:34 01/08/2020,94.582
16:34 - 16:35 01/08/2020,94.46
16:35 - 16:36 01/08/2020,94.489
16:36 - 16:37 01/08/2020,94.577
16:37 - 16:38 01/08/2020,94.606
16:38 - 16:39 01/08/2020,94.612
16:39 - 16:40 01/08/2020,94.59
16:40 - 16:41 01/08/2020,94.5
16:41 - 16:42 01/08/2020,94.508
16:42 - 16:43 01/08/2020,94.58
16:43 - 16:44 01/08/2020,94.638
16:44 - 16:45 01/08/2020,94.689
16:45 - 16:46 01/08/2020,94.583
16:46 - 16:47 01/08/2020,94.61
16:47 - 16:48 01/08/2020,94.616
16:48 - 16:49 01/08/2020,94.441
16:49 - 16:50 01/08/2020,94.298
16:50 - 16:51 01/08/2020,94.362
16:51 - 16:52 01/08/2020,94.443
16:52 - 16:53 01/08/2020,94.468
16:53 - 16:54 01/08/2020,94.324
16:54 - 16:55 01/08/2020,94.221
16:55 - 16:56 01/08/2020,94.302
16:56 - 16:57 01/08/2020,94.37
16:57 - 16:58 01/08/2020,94.343
16:58 - 16:59 01/08/2020,94.466
16:59 - 17:00 01/08/2020,94.386
17:00 - 17:01 01/08/2020,94.357
17:01 - 17:02 01/08/2020,94.232
17:02 - 17:03 01/08/2020,94.302
17:03 - 17:04 01/08/2020,94.28
17:04 - 17:05 01/08/2020,94.276
17:05 - 17:06 01/08/2020,94.418
17:06 - 17:07 01/08/2020,94.356
17:07 - 17:08 01/08/2020,94.398
17:08 - 17:09 01/08/2020,94.504
17:09 - 17:10 01/08/2020,94.462
17:10 - 17:11 01/08/2020,94.382
17:11 - 17:12 01/08/2020,94.486
17:12 - 17:13 01/08/2020,94.408
17:13 - 17:14 01/08/2020,94.468
17:14 - 17:15 01/08/2020,94.586
17:15 - 17:16 01/08/2020,94.73
17:16 - 17:17 01/08/2020,94.739
17:17 - 17:18 01/08/2020,94.925
17:18 - 17:19 01/08/2020,94.868
17:19 - 17:20 01/08/2020,94.885
17:20 - 17:21 01/08/2020,94.862
17:21 - 17:22 01/08/2020,94.724
17:22 - 17:23 01/08/2020,94.773
17:23 - 17:24 01/08/2020,94.898
17:24 - 17:25 01/08/2020,95
17:25 - 17:26 01/08/2020,94.98
17:26 - 17:27 01/08/2020,94.9
17:27 - 17:28 01/08/2020,94.761
17:28 - 17:29 01/08/2020,94.935
17:29 - 17:30 01/08/2020,95.174
17:30 - 17:31 01/08/2020,95.171
17:31 - 17:32 01/08/2020,95.031
17:32 - 17:33 01/08/2020,95.028
17:33 - 17:34 01/08/2020,95.056
17:34 - 17:35 01/08/2020,95.124
17:35 - 17:36 01/08/2020,95.246
17:36 - 17:37 01/08/2020,95.42
17:37 - 17:38 01/08/2020,95.46
17:38 - 17:39 01/08/2020,95.611
17:39 - 17:40 01/08/2020,95.556
17:40 - 17:41 01/08/2020,95.712
17:41 - 17:42 01/08/2020,95.754
17:42 - 17:43 01/08/2020,95.605
17:43 - 17:44 01/08/2020,95.406
17:44 - 17:45 01/08/2020,95.5
17:45 - 17:46 01/08/2020,95.45
17:46 - 17:47 01/08/2020,95.38
17:47 - 17:48 01/08/2020,95.39
17:48 - 17:49 01/08/2020,95.32
17:49 - 17:50 01/08/2020,95.443
17:50 - 17:51 01/08/2020,95.588
17:51 - 17:52 01/08/2020,95.718
17:52 - 17:53 01/08/2020,95.707
17:53 - 17:54 01/08/2020,95.706
17:54 - 17:55 01/08/2020,95.8
17:55 - 17:56 01/08/2020,95.83
17:56 - 17:57 01/08/2020,95.815
17:57 - 17:58 01/08/2020,95.78
17:58 - 17:59 01/08/2020,95.891
17:59 - 18:00 01/08/2020,95.978
18:00 - 18:01 01/08/2020,96.23
18:01 - 18:02 01/08/2020,96.458
18:02 - 18:03 01/08/2020,96.548
18:03 - 18:04 01/08/2020,96.67
18:04 - 18:05 01/08/2020,96.541
18:05 - 18:06 01/08/2020,96.438
18:06 - 18:07 01/08/2020,96.55
18:07 - 18:08 01/08/2020,96.702
18:08 - 18:09 01/08/2020,96.879
18:09 - 18:10 01/08/2020,96.942
18:10 - 18:11 01/08/2020,97.14
18:11 - 18:12 01/08/2020,97.048
18:12 - 18:13 01/08/2020,96.964
18:13 - 18:14 01/08/2020,96.984
18:14 - 18:15 01/08/2020,97.173
18:15 - 18:16 01/08/2020,97.109
18:16 - 18:17 01/08/2020,97.131
18:17 - 18:18 01/08/2020,97.362
18:18 - 18:19 01/08/2020,97.52
18:19 - 18:20 01/08/2020,97.699
18:20 - 18:21 01/08/2020,97.598
18:21 - 18:22 01/08/2020,97.658
18:22 - 18:23 01/08/2020,97.83
18:23 - 18:24 01/08/2020,98.192
18:24 - 18:25 01/08/2020,98.068
18:25 - 18:26 01/08/2020,98.178
18:26 - 18:27 01/08/2020,98.157
18:27 - 18:28 01/08/2020,98.714
18:28 - 18:29 01/08/2020,98.514
18:29 - 18:30 01/08/2020,98.25
18:30 - 18:31 01/08/2020,97.981
18:31 - 18:32 01/08/2020,97.715
18:32 - 18:33 01/08/2020,97.662
18:33 - 18:34 01/08/2020,97.922
18:34 - 18:35 01/08/2020,97.662
18:35 - 18:36 01/08/2020,97.606
18:36 - 18:37 01/08/2020,97.447
18:37 - 18:38 01/08/2020,97.632
18:38 - 18:39 01/08/2020,97.864
18:39 - 18:40 01/08/2020,97.346
18:40 - 18:41 01/08/2020,97.5
18:41 - 18:42 01/08/2020,97.438
18:42 - 18:43 01/08/2020,97.336
18:43 - 18:44 01/08/2020,97.36
18:44 - 18:45 01/08/2020,97.57
18:45 - 18:46 01/08/2020,97.838
18:46 - 18:47 01/08/2020,97.767
18:47 - 18:48 01/08/2020,97.856
18:48 - 18:49 01/08/2020,97.831
18:49 - 18:50 01/08/2020,97.688
18:50 - 18:51 01/08/2020,97.81
18:51 - 18:52 01/08/2020,98.247
18:52 - 18:53 01/08/2020,98.306
18:53 - 18:54 01/08/2020,97.938
18:54 - 18:55 01/08/2020,98.139
18:55 - 18:56 01/08/2020,98.244
18:56 - 18:57 01/08/2020,98.449
18:57 - 18:58 01/08/2020,98.54
18:58 - 18:59 01/08/2020,98.449
18:59 - 19:00 01/08/2020,98.336
19:00 - 19:01 01/08/2020,98.296
19:01 - 19:02 01/08/2020,97.976
19:02 - 19:03 01/08/2020,97.861
19:03 - 19:04 01/08/2020,98.108
19:04 - 19:05 01/08/2020,98.05
19:05 - 19:06 01/08/2020,98.274
19:06 - 19:07 01/08/2020,98.34
19:07 - 19:08 01/08/2020,98.269
19:08 - 19:09 01/08/2020,98.38
19:09 - 19:10 01/08/2020,98.409
19:10 - 19:11 01/08/2020,98.502
19:11 - 19:12 01/08/2020,98.332
19:12 - 19:13 01/08/2020,98.356
19:13 - 19:14 01/08/2020,98.168
19:14 - 19:15 01/08/2020,98.357
19:15 - 19:16 01/08/2020,98.246
19:16 - 19:17 01/08/2020,98.142
19:17 - 19:18 01/08/2020,98.196
19:18 - 19:19 01/08/2020,98.263
19:19 - 19:20 01/08/2020,98.221
19:20 - 19:21 01/08/2020,98.103
19:21 - 19:22 01/08/2020,98.212
19:22 - 19:23 01/08/2020,98.253
19:23 - 19:24 01/08/2020,98.195
19:24 - 19:25 01/08/2020,98.288
19:25 - 19:26 01/08/2020,98.33
19:26 - 19:27 01/08/2020,98.3
19:27 - 19:28 01/08/2020,98.458
19:28 - 19:29 01/08/2020,98.392
19:29 - 19:30 01/08/2020,98.504
19:30 - 19:31 01/08/2020,98.401
19:31 - 19:32 01/08/2020,98.398
19:32 - 19:33 01/08/2020,98.338
19:33 - 19:34 01/08/2020,98.193
19:34 - 19:35 01/08/2020,98.29
19:35 - 19:36 01/08/2020,98.416
19:36 - 19:37 01/08/2020,98.34
19:37 - 19:38 01/08/2020,98.366
19:38 - 19:39 01/08/2020,98.292
19:39 - 19:40 01/08/2020,98.4
19:40 - 19:41 01/08/2020,98.622
19:41 - 19:42 01/08/2020,98.949
19:42 - 19:43 01/08/2020,98.958
19:43 - 19:44 01/08/2020,98.908
19:44 - 19:45 01/08/2020,98.846
19:45 - 19:46 01/08/2020,98.929
19:46 - 19:47 01/08/2020,99.058
19:47 - 19:48 01/08/2020,99.125
19:48 - 19:49 01/08/2020,99.232
19:49 - 19:50 01/08/2020,99.43
19:50 - 19:51 01/08/2020,99.568
19:51 - 19:52 01/08/2020,99.564
19:52 - 19:53 01/08/2020,99.56
19:53 - 19:54 01/08/2020,99.288
19:54 - 19:55 01/08/2020,99.458
19:55 - 19:56 01/08/2020,99.217
19:56 - 19:57 01/08/2020,99.28
19:57 - 19:58 01/08/2020,99.102
19:58 - 19:59 01/08/2020,98.724
19:59 - 20:00 01/08/2020,98.746
20:00 - 20:01 01/08/2020,98.993
20:01 - 20:02 01/08/2020,99.113
20:02 - 20:03 01/08/2020,99.26
20:03 - 20:04 01/08/2020,99.34
20:04 - 20:05 01/08/2020,99.065
20:05 - 20:06 01/08/2020,99.213
20:06 - 20:07 01/08/2020,99.298
20:07 - 20:08 01/08/2020,99.11
20:08 - 20:09 01/08/2020,98.963
20:09 - 20:10 01/08/2020,99.042
20:10 - 20:11 01/08/2020,99.19
20:11 - 20:12 01/08/2020,99.269
20:12 - 20:13 01/08/2020,99.502
20:13 - 20:14 01/08/2020,99.484
20:14 - 20:15 01/08/2020,99.482
20:15 - 20:16 01/08/2020,99.444
20:16 - 20:17 01/08/2020,99.51
20:17 - 20:18 01/08/2020,99.584
20:18 - 20:19 01/08/2020,99.549
20:19 - 20:20 01/08/2020,99.422
20:20 - 20:21 01/08/2020,99.339
20:21 - 20:22 01/08/2020,99.275
20:22 - 20:23 01/08/2020,99.405
20:23 - 20:24 01/08/2020,99.482
20:24 - 20:25 01/08/2020,99.38
20:25 - 20:26 01/08/2020,99.467
20:26 - 20:27 01/08/2020,99.634
20:27 - 20:28 01/08/2020,99.553
20:28 - 20:29 01/08/2020,99.46
20:29 - 20:30 01/08/2020,99.348
20:30 - 20:31 01/08/2020,99.466
20:31 - 20:32 01/08/2020,99.424
20:32 - 20:33 01/08/2020,99.28
20:33 - 20:34 01/08/2020,99.264
20:34 - 20:35 01/08/2020,99.322
20:35 - 20:36 01/08/2020,99.48
20:36 - 20:37 01/08/2020,99.394
20:37 - 20:38 01/08/2020,99.493
20:38 - 20:39 01/08/2020,99.467
20:39 - 20:40 01/08/2020,99.435
20:40 - 20:41 01/08/2020,99.475
20:41 - 20:42 01/08/2020,99.424
20:42 - 20:43 01/08/2020,99.36
20:43 - 20:44 01/08/2020,99.458
20:44 - 20:45 01/08/2020,99.31
20:45 - 20:46 01/08/2020,99.333
20:46 - 20:47 01/08/2020,99.306
20:47 - 20:48 01/08/2020,99.166
20:48 - 20:49 01/08/2020,98.882
20:49 - 20:50 01/08/2020,99.01
20:50 - 20:51 01/08/2020,98.975
20:51 - 20:52 01/08/2020,98.762
20:52 - 20:53 01/08/2020,98.7
20:53 - 20:54 01/08/2020,98.668
20:54 - 20:55 01/08/2020,98.512
20:55 - 20:56 01/08/2020,98.388
20:56 - 20:57 01/08/2020,98.4
20:57 - 20:58 01/08/2020,98.126
20:58 - 20:59 01/08/2020,97.879
20:59 - 21:00 01/08/2020,97.642
21:00 - 21:01 01/08/2020,98.224
21:01 - 21:02 01/08/2020,98.42
21:02 - 21:03 01/08/2020,98.71
21:03 - 21:04 01/08/2020,98.548
21:04 - 21:05 01/08/2020,98.68
21:05 - 21:06 01/08/2020,98.656
21:06 - 21:07 01/08/2020,98.455
21:07 - 21:08 01/08/2020,98.421
21:08 - 21:09 01/08/2020,98.29
21:09 - 21:10 01/08/2020,98.646
21:10 - 21:11 01/08/2020,98.748
21:11 - 21:12 01/08/2020,98.644
21:12 - 21:13 01/08/2020,98.602
21:13 - 21:14 01/08/2020,98.63
21:14 - 21:15 01/08/2020,98.596
21:15 - 21:16 01/08/2020,98.585
21:16 - 21:17 01/08/2020,98.418
21:17 - 21:18 01/08/2020,98.555
21:18 - 21:19 01/08/2020,98.64
21:19 - 21:20 01/08/2020,98.775
21:20 - 21:21 01/08/2020,98.804
21:21 - 21:22 01/08/2020,98.847
21:22 - 21:23 01/08/2020,98.78
21:23 - 21:24 01/08/2020,98.877
21:24 - 21:25 01/08/2020,98.756
21:25 - 21:26 01/08/2020,98.764
21:26 - 21:27 01/08/2020,98.676
21:27 - 21:28 01/08/2020,98.498
21:28 - 21:29 01/08/2020,98.565
21:29 - 21:30 01/08/2020,98.546
21:30 - 21:31 01/08/2020,98.548
21:31 - 21:32 01/08/2020,98.5
21:32 - 21:33 01/08/2020,98.658
21:33 - 21:34 01/08/2020,98.648
21:34 - 21:35 01/08/2020,98.73
21:35 - 21:36 01/08/2020,98.58
21:36 - 21:37 01/08/2020,98.512
21:37 - 21:38 01/08/2020,98.574
21:38 - 21:39 01/08/2020,98.576
21:39 - 21:40 01/08/2020,98.696
21:40 - 21:41 01/08/2020,98.772
21:41 - 21:42 01/08/2020,98.775
21:42 - 21:43 01/08/2020,99.144
21:43 - 21:44 01/08/2020,99
21:44 - 21:45 01/08/2020,99.131
21:45 - 21:46 01/08/2020,99.136
21:46 - 21:47 01/08/2020,99.184
21:47 - 21:48 01/08/2020,98.982
21:48 - 21:49 01/08/2020,98.84
21:49 - 21:50 01/08/2020,98.574
21:50 - 21:51 01/08/2020,98.626
21:51 - 21:52 01/08/2020,98.569
21:52 - 21:53 01/08/2020,98.276
21:53 - 21:54 01/08/2020,98.176
21:54 - 21:55 01/08/2020,98.383
21:55 - 21:56 01/08/2020,98.368
21:56 - 21:57 01/08/2020,98.334
21:57 - 21:58 01/08/2020,98.394
21:58 - 21:59 01/08/2020,98.436
21:59 - 22:00 01/08/2020,98.428
09JAN2020_00:00:00.000000 01/08/2020,
15:30 - 15:31 01/09/2020,99.172
15:31 - 15:32 01/09/2020,98.736
15:32 - 15:33 01/09/2020,99.441
15:33 - 15:34 01/09/2020,99.142
15:34 - 15:35 01/09/2020,98.546
15:35 - 15:36 01/09/2020,98.838
15:36 - 15:37 01/09/2020,98.509
15:37 - 15:38 01/09/2020,98.689
15:38 - 15:39 01/09/2020,98.582
15:39 - 15:40 01/09/2020,98.864
15:40 - 15:41 01/09/2020,98.928
15:41 - 15:42 01/09/2020,98.595
15:42 - 15:43 01/09/2020,98.733
15:43 - 15:44 01/09/2020,99.228
15:44 - 15:45 01/09/2020,99.32
15:45 - 15:46 01/09/2020,99.114
15:46 - 15:47 01/09/2020,99.016
15:47 - 15:48 01/09/2020,98.903
15:48 - 15:49 01/09/2020,98.854
15:49 - 15:50 01/09/2020,98.836
15:50 - 15:51 01/09/2020,98.791
15:51 - 15:52 01/09/2020,98.78
15:52 - 15:53 01/09/2020,99.031
15:53 - 15:54 01/09/2020,98.02
15:54 - 15:55 01/09/2020,98.149
15:55 - 15:56 01/09/2020,97.63
15:56 - 15:57 01/09/2020,97.574
15:57 - 15:58 01/09/2020,97.197
15:58 - 15:59 01/09/2020,96.699
15:59 - 16:00 01/09/2020,97.1
16:00 - 16:01 01/09/2020,97.176
16:01 - 16:02 01/09/2020,96.94
16:02 - 16:03 01/09/2020,97.25
16:03 - 16:04 01/09/2020,97.155
16:04 - 16:05 01/09/2020,97.412
16:05 - 16:06 01/09/2020,97.594
16:06 - 16:07 01/09/2020,97.312
16:07 - 16:08 01/09/2020,97.472
16:08 - 16:09 01/09/2020,97.748
16:09 - 16:10 01/09/2020,98.064
16:10 - 16:11 01/09/2020,98.124
16:11 - 16:12 01/09/2020,98.244
16:12 - 16:13 01/09/2020,98.318
16:13 - 16:14 01/09/2020,98.218
16:14 - 16:15 01/09/2020,98.157
16:15 - 16:16 01/09/2020,98.023
16:16 - 16:17 01/09/2020,98.097
16:17 - 16:18 01/09/2020,98
16:18 - 16:19 01/09/2020,98.28
16:19 - 16:20 01/09/2020,98.718
16:20 - 16:21 01/09/2020,98.308
16:21 - 16:22 01/09/2020,98.582
16:22 - 16:23 01/09/2020,98.534
16:23 - 16:24 01/09/2020,98.85
16:24 - 16:25 01/09/2020,98.566
16:25 - 16:26 01/09/2020,98.61
16:26 - 16:27 01/09/2020,98.178
16:27 - 16:28 01/09/2020,98.593
16:28 - 16:29 01/09/2020,98.707
16:29 - 16:30 01/09/2020,98.697
16:30 - 16:31 01/09/2020,98.356
16:31 - 16:32 01/09/2020,98.444
16:32 - 16:33 01/09/2020,98.516
16:33 - 16:34 01/09/2020,98.454
16:34 - 16:35 01/09/2020,98.522
16:35 - 16:36 01/09/2020,98.262
16:36 - 16:37 01/09/2020,98.068
16:37 - 16:38 01/09/2020,97.887
16:38 - 16:39 01/09/2020,98.191
16:39 - 16:40 01/09/2020,98.222
16:40 - 16:41 01/09/2020,98.226
16:41 - 16:42 01/09/2020,97.889
16:42 - 16:43 01/09/2020,97.834
16:43 - 16:44 01/09/2020,97.86
16:44 - 16:45 01/09/2020,97.82
16:45 - 16:46 01/09/2020,97.698
16:46 - 16:47 01/09/2020,97.384
16:47 - 16:48 01/09/2020,97.355
16:48 - 16:49 01/09/2020,97.664
16:49 - 16:50 01/09/2020,97.719
16:50 - 16:51 01/09/2020,97.768
16:51 - 16:52 01/09/2020,97.701
16:52 - 16:53 01/09/2020,97.38
16:53 - 16:54 01/09/2020,97.226
16:54 - 16:55 01/09/2020,97.379
16:55 - 16:56 01/09/2020,97.044
16:56 - 16:57 01/09/2020,97.29
16:57 - 16:58 01/09/2020,97.228
16:58 - 16:59 01/09/2020,97.34
16:59 - 17:00 01/09/2020,97.44
17:00 - 17:01 01/09/2020,97.587
17:01 - 17:02 01/09/2020,97.678
17:02 - 17:03 01/09/2020,97.629
17:03 - 17:04 01/09/2020,97.288
17:04 - 17:05 01/09/2020,97.378
17:05 - 17:06 01/09/2020,97.352
17:06 - 17:07 01/09/2020,97.514
17:07 - 17:08 01/09/2020,97.504
17:08 - 17:09 01/09/2020,97.526
17:09 - 17:10 01/09/2020,97.596
17:10 - 17:11 01/09/2020,97.374
17:11 - 17:12 01/09/2020,97.418
17:12 - 17:13 01/09/2020,97.376
17:13 - 17:14 01/09/2020,97.6
17:14 - 17:15 01/09/2020,97.829
17:15 - 17:16 01/09/2020,97.7
17:16 - 17:17 01/09/2020,97.55
17:17 - 17:18 01/09/2020,97.67
17:18 - 17:19 01/09/2020,97.412
17:19 - 17:20 01/09/2020,97.257
17:20 - 17:21 01/09/2020,97.337
17:21 - 17:22 01/09/2020,97.41
17:22 - 17:23 01/09/2020,97.162
17:23 - 17:24 01/09/2020,97.135
17:24 - 17:25 01/09/2020,97.112
17:25 - 17:26 01/09/2020,96.7
17:26 - 17:27 01/09/2020,96.463
17:27 - 17:28 01/09/2020,96.646
17:28 - 17:29 01/09/2020,96.54
17:29 - 17:30 01/09/2020,96.804
17:30 - 17:31 01/09/2020,96.76
17:31 - 17:32 01/09/2020,96.55
17:32 - 17:33 01/09/2020,96.2
17:33 - 17:34 01/09/2020,96.315
17:34 - 17:35 01/09/2020,96.53
17:35 - 17:36 01/09/2020,96.552
17:36 - 17:37 01/09/2020,96.77
17:37 - 17:38 01/09/2020,96.731
17:38 - 17:39 01/09/2020,96.688
17:39 - 17:40 01/09/2020,96.6
17:40 - 17:41 01/09/2020,96.56
17:41 - 17:42 01/09/2020,96.542
17:42 - 17:43 01/09/2020,96.465
17:43 - 17:44 01/09/2020,96.406
17:44 - 17:45 01/09/2020,96.542
17:45 - 17:46 01/09/2020,96.405
17:46 - 17:47 01/09/2020,96.36
17:47 - 17:48 01/09/2020,96.423
17:48 - 17:49 01/09/2020,96.39
17:49 - 17:50 01/09/2020,96.28
17:50 - 17:51 01/09/2020,96.259
17:51 - 17:52 01/09/2020,96.106
17:52 - 17:53 01/09/2020,96.012
17:53 - 17:54 01/09/2020,95.746
17:54 - 17:55 01/09/2020,95.52
17:55 - 17:56 01/09/2020,95.755
17:56 - 17:57 01/09/2020,95.72
17:57 - 17:58 01/09/2020,95.758
17:58 - 17:59 01/09/2020,95.704
17:59 - 18:00 01/09/2020,95.615
18:00 - 18:01 01/09/2020,95.942
18:01 - 18:02 01/09/2020,96.061
18:02 - 18:03 01/09/2020,96.08
18:03 - 18:04 01/09/2020,95.929
18:04 - 18:05 01/09/2020,96.09
18:05 - 18:06 01/09/2020,96.296
18:06 - 18:07 01/09/2020,96.284
18:07 - 18:08 01/09/2020,96.14
18:08 - 18:09 01/09/2020,96.002
18:09 - 18:10 01/09/2020,96.14
18:10 - 18:11 01/09/2020,96.004
18:11 - 18:12 01/09/2020,95.83
18:12 - 18:13 01/09/2020,95.832
18:13 - 18:14 01/09/2020,95.836
18:14 - 18:15 01/09/2020,95.836
18:15 - 18:16 01/09/2020,95.854
18:16 - 18:17 01/09/2020,95.8
18:17 - 18:18 01/09/2020,95.827
18:18 - 18:19 01/09/2020,95.622
18:19 - 18:20 01/09/2020,95.506
18:20 - 18:21 01/09/2020,95.406
18:21 - 18:22 01/09/2020,95.303
18:22 - 18:23 01/09/2020,95.132
18:23 - 18:24 01/09/2020,95.142
18:24 - 18:25 01/09/2020,95.346
18:25 - 18:26 01/09/2020,95.363
18:26 - 18:27 01/09/2020,95.182
18:27 - 18:28 01/09/2020,95.105
18:28 - 18:29 01/09/2020,95.097
18:29 - 18:30 01/09/2020,95.08
18:30 - 18:31 01/09/2020,94.868
18:31 - 18:32 01/09/2020,94.86
18:32 - 18:33 01/09/2020,94.735
18:33 - 18:34 01/09/2020,94.72
18:34 - 18:35 01/09/2020,94.634
18:35 - 18:36 01/09/2020,94.738
18:36 - 18:37 01/09/2020,95.161
18:37 - 18:38 01/09/2020,95.349
18:38 - 18:39 01/09/2020,95.138
18:39 - 18:40 01/09/2020,95.16
18:40 - 18:41 01/09/2020,95.11
18:41 - 18:42 01/09/2020,95.082
18:42 - 18:43 01/09/2020,94.873
18:43 - 18:44 01/09/2020,94.866
18:44 - 18:45 01/09/2020,94.864
18:45 - 18:46 01/09/2020,94.992
18:46 - 18:47 01/09/2020,94.978
18:47 - 18:48 01/09/2020,95.212
18:48 - 18:49 01/09/2020,95.475
18:49 - 18:50 01/09/2020,95.698
18:50 - 18:51 01/09/2020,95.632
18:51 - 18:52 01/09/2020,95.84
18:52 - 18:53 01/09/2020,95.605
18:53 - 18:54 01/09/2020,95.57
18:54 - 18:55 01/09/2020,95.72
18:55 - 18:56 01/09/2020,95.876
18:56 - 18:57 01/09/2020,95.72
18:57 - 18:58 01/09/2020,95.92
18:58 - 18:59 01/09/2020,96.096
18:59 - 19:00 01/09/2020,96.208
19:00 - 19:01 01/09/2020,96.318
19:01 - 19:02 01/09/2020,96.152
19:02 - 19:03 01/09/2020,96.117
19:03 - 19:04 01/09/2020,96.354
19:04 - 19:05 01/09/2020,96.25
19:05 - 19:06 01/09/2020,96.126
19:06 - 19:07 01/09/2020,96.212
19:07 - 19:08 01/09/2020,96.092
19:08 - 19:09 01/09/2020,95.853
19:09 - 19:10 01/09/2020,96.015
19:10 - 19:11 01/09/2020,96.077
19:11 - 19:12 01/09/2020,96.152
19:12 - 19:13 01/09/2020,96.236
19:13 - 19:14 01/09/2020,96.183
19:14 - 19:15 01/09/2020,96.16
19:15 - 19:16 01/09/2020,96.438
19:16 - 19:17 01/09/2020,96.436
19:17 - 19:18 01/09/2020,96.692
19:18 - 19:19 01/09/2020,96.638
19:19 - 19:20 01/09/2020,96.489
19:20 - 19:21 01/09/2020,96.208
19:21 - 19:22 01/09/2020,96.21
19:22 - 19:23 01/09/2020,96.402
19:23 - 19:24 01/09/2020,96.581
19:24 - 19:25 01/09/2020,96.438
19:25 - 19:26 01/09/2020,96.572
19:26 - 19:27 01/09/2020,96.581
19:27 - 19:28 01/09/2020,96.517
19:28 - 19:29 01/09/2020,96.635
19:29 - 19:30 01/09/2020,96.708
19:30 - 19:31 01/09/2020,96.81
19:31 - 19:32 01/09/2020,96.928
19:32 - 19:33 01/09/2020,97.082
19:33 - 19:34 01/09/2020,97.208
19:34 - 19:35 01/09/2020,97.134
19:35 - 19:36 01/09/2020,97.154
19:36 - 19:37 01/09/2020,97.02
19:37 - 19:38 01/09/2020,96.942
19:38 - 19:39 01/09/2020,96.858
19:39 - 19:40 01/09/2020,96.946
19:40 - 19:41 01/09/2020,96.994
19:41 - 19:42 01/09/2020,96.89
19:42 - 19:43 01/09/2020,96.81
19:43 - 19:44 01/09/2020,96.62
19:44 - 19:45 01/09/2020,96.849
19:45 - 19:46 01/09/2020,96.943
19:46 - 19:47 01/09/2020,97.085
19:47 - 19:48 01/09/2020,97.04
19:48 - 19:49 01/09/2020,96.854
19:49 - 19:50 01/09/2020,96.949
19:50 - 19:51 01/09/2020,96.995
19:51 - 19:52 01/09/2020,97.03
19:52 - 19:53 01/09/2020,96.9
19:53 - 19:54 01/09/2020,96.788
19:54 - 19:55 01/09/2020,96.65
19:55 - 19:56 01/09/2020,96.584
19:56 - 19:57 01/09/2020,96.819
19:57 - 19:58 01/09/2020,96.797
19:58 - 19:59 01/09/2020,96.803
19:59 - 20:00 01/09/2020,96.7
20:00 - 20:01 01/09/2020,96.758
20:01 - 20:02 01/09/2020,96.838
20:02 - 20:03 01/09/2020,96.86
20:03 - 20:04 01/09/2020,96.761
20:04 - 20:05 01/09/2020,96.794
20:05 - 20:06 01/09/2020,96.392
20:06 - 20:07 01/09/2020,96.492
20:07 - 20:08 01/09/2020,96.174
20:08 - 20:09 01/09/2020,96.145
20:09 - 20:10 01/09/2020,96.108
20:10 - 20:11 01/09/2020,95.923
20:11 - 20:12 01/09/2020,95.972
20:12 - 20:13 01/09/2020,95.858
20:13 - 20:14 01/09/2020,95.994
20:14 - 20:15 01/09/2020,96.169
20:15 - 20:16 01/09/2020,96.386
20:16 - 20:17 01/09/2020,96.46
20:17 - 20:18 01/09/2020,96.434
20:18 - 20:19 01/09/2020,96.436
20:19 - 20:20 01/09/2020,96.496
20:20 - 20:21 01/09/2020,96.522
20:21 - 20:22 01/09/2020,96.624
20:22 - 20:23 01/09/2020,96.499
20:23 - 20:24 01/09/2020,96.417
20:24 - 20:25 01/09/2020,96.536
20:25 - 20:26 01/09/2020,96.576
20:26 - 20:27 01/09/2020,96.542
20:27 - 20:28 01/09/2020,96.562
20:28 - 20:29 01/09/2020,96.39
20:29 - 20:30 01/09/2020,96.514
20:30 - 20:31 01/09/2020,96.524
20:31 - 20:32 01/09/2020,96.464
20:32 - 20:33 01/09/2020,96.433
20:33 - 20:34 01/09/2020,96.542
20:34 - 20:35 01/09/2020,96.676
20:35 - 20:36 01/09/2020,96.571
20:36 - 20:37 01/09/2020,96.474
20:37 - 20:38 01/09/2020,96.489
20:38 - 20:39 01/09/2020,96.64
20:39 - 20:40 01/09/2020,96.54
20:40 - 20:41 01/09/2020,96.564
20:41 - 20:42 01/09/2020,96.578
20:42 - 20:43 01/09/2020,96.584
20:43 - 20:44 01/09/2020,96.468
20:44 - 20:45 01/09/2020,96.49
20:45 - 20:46 01/09/2020,96.522
20:46 - 20:47 01/09/2020,96.598
20:47 - 20:48 01/09/2020,96.522
20:48 - 20:49 01/09/2020,96.583
20:49 - 20:50 01/09/2020,96.647
20:50 - 20:51 01/09/2020,96.594
20:51 - 20:52 01/09/2020,96.467
20:52 - 20:53 01/09/2020,96.472
20:53 - 20:54 01/09/2020,96.487
20:54 - 20:55 01/09/2020,96.522
20:55 - 20:56 01/09/2020,96.535
20:56 - 20:57 01/09/2020,96.577
20:57 - 20:58 01/09/2020,96.472
20:58 - 20:59 01/09/2020,96.432
20:59 - 21:00 01/09/2020,96.418
21:00 - 21:01 01/09/2020,96.477
21:01 - 21:02 01/09/2020,96.46
21:02 - 21:03 01/09/2020,96.302
21:03 - 21:04 01/09/2020,96.396
21:04 - 21:05 01/09/2020,96.52
21:05 - 21:06 01/09/2020,96.972
21:06 - 21:07 01/09/2020,97.208
21:07 - 21:08 01/09/2020,97.142
21:08 - 21:09 01/09/2020,97.198
21:09 - 21:10 01/09/2020,97.297
21:10 - 21:11 01/09/2020,97.062
21:11 - 21:12 01/09/2020,96.984
21:12 - 21:13 01/09/2020,96.804
21:13 - 21:14 01/09/2020,96.99
21:14 - 21:15 01/09/2020,97.004
21:15 - 21:16 01/09/2020,96.852
21:16 - 21:17 01/09/2020,96.766
21:17 - 21:18 01/09/2020,96.746
21:18 - 21:19 01/09/2020,96.668
21:19 - 21:20 01/09/2020,96.512
21:20 - 21:21 01/09/2020,96.657
21:21 - 21:22 01/09/2020,96.684
21:22 - 21:23 01/09/2020,96.751
21:23 - 21:24 01/09/2020,96.532
21:24 - 21:25 01/09/2020,96.424
21:25 - 21:26 01/09/2020,96.408
21:26 - 21:27 01/09/2020,96.516
21:27 - 21:28 01/09/2020,96.585
21:28 - 21:29 01/09/2020,96.637
21:29 - 21:30 01/09/2020,96.65
21:30 - 21:31 01/09/2020,96.731
21:31 - 21:32 01/09/2020,96.667
21:32 - 21:33 01/09/2020,96.672
21:33 - 21:34 01/09/2020,96.403
21:34 - 21:35 01/09/2020,96.236
21:35 - 21:36 01/09/2020,96.128
21:36 - 21:37 01/09/2020,96.248
21:37 - 21:38 01/09/2020,96.322
21:38 - 21:39 01/09/2020,96.27
21:39 - 21:40 01/09/2020,96.274
21:40 - 21:41 01/09/2020,96.014
21:41 - 21:42 01/09/2020,96.216
21:42 - 21:43 01/09/2020,96.298
21:43 - 21:44 01/09/2020,96.208
21:44 - 21:45 01/09/2020,96.26
21:45 - 21:46 01/09/2020,96.178
21:46 - 21:47 01/09/2020,96.262
21:47 - 21:48 01/09/2020,96.206
21:48 - 21:49 01/09/2020,96.19
21:49 - 21:50 01/09/2020,96.296
21:50 - 21:51 01/09/2020,96.106
21:51 - 21:52 01/09/2020,96.14
21:52 - 21:53 01/09/2020,96.123
21:53 - 21:54 01/09/2020,96.058
21:54 - 21:55 01/09/2020,96.08
21:55 - 21:56 01/09/2020,95.98
21:56 - 21:57 01/09/2020,96.048
21:57 - 21:58 01/09/2020,96.16
21:58 - 21:59 01/09/2020,96.181
21:59 - 22:00 01/09/2020,96.268
10JAN2020_00:00:00.000000 01/09/2020,
15:30 - 15:31 01/10/2020,96.228
15:31 - 15:32 01/10/2020,96.467
15:32 - 15:33 01/10/2020,96.496
15:33 - 15:34 01/10/2020,96.367
15:34 - 15:35 01/10/2020,95.707
15:35 - 15:36 01/10/2020,95.534
15:36 - 15:37 01/10/2020,95.262
15:37 - 15:38 01/10/2020,95.088
15:38 - 15:39 01/10/2020,94.898
15:39 - 15:40 01/10/2020,95.298
15:40 - 15:41 01/10/2020,95.6
15:41 - 15:42 01/10/2020,95.746
15:42 - 15:43 01/10/2020,95.823
15:43 - 15:44 01/10/2020,96.148
15:44 - 15:45 01/10/2020,96.342
15:45 - 15:46 01/10/2020,96.058
15:46 - 15:47 01/10/2020,96.463
15:47 - 15:48 01/10/2020,96.267
15:48 - 15:49 01/10/2020,96.35
15:49 - 15:50 01/10/2020,96.452
15:50 - 15:51 01/10/2020,96.936
15:51 - 15:52 01/10/2020,96.826
15:52 - 15:53 01/10/2020,96.672
15:53 - 15:54 01/10/2020,96.769
15:54 - 15:55 01/10/2020,96.657
15:55 - 15:56 01/10/2020,96.436
15:56 - 15:57 01/10/2020,96.309
15:57 - 15:58 01/10/2020,96.518
15:58 - 15:59 01/10/2020,96.787
15:59 - 16:00 01/10/2020,96.52
16:00 - 16:01 01/10/2020,96.54
16:01 - 16:02 01/10/2020,96.314
16:02 - 16:03 01/10/2020,96.086
16:03 - 16:04 01/10/2020,96.224
16:04 - 16:05 01/10/2020,96.062
16:05 - 16:06 01/10/2020,96.366
16:06 - 16:07 01/10/2020,96.436
16:07 - 16:08 01/10/2020,96.24
16:08 - 16:09 01/10/2020,95.942
16:09 - 16:10 01/10/2020,95.904
16:10 - 16:11 01/10/2020,95.754
16:11 - 16:12 01/10/2020,95.658
16:12 - 16:13 01/10/2020,95.741
16:13 - 16:14 01/10/2020,95.612
16:14 - 16:15 01/10/2020,95.731
16:15 - 16:16 01/10/2020,96.066
16:16 - 16:17 01/10/2020,96.01
16:17 - 16:18 01/10/2020,96.027
16:18 - 16:19 01/10/2020,95.867
16:19 - 16:20 01/10/2020,95.74
16:20 - 16:21 01/10/2020,95.848
16:21 - 16:22 01/10/2020,95.64
16:22 - 16:23 01/10/2020,95.753
16:23 - 16:24 01/10/2020,95.882
16:24 - 16:25 01/10/2020,95.764
16:25 - 16:26 01/10/2020,95.801
16:26 - 16:27 01/10/2020,95.691
16:27 - 16:28 01/10/2020,95.624
16:28 - 16:29 01/10/2020,95.717
16:29 - 16:30 01/10/2020,95.634
16:30 - 16:31 01/10/2020,95.851
16:31 - 16:32 01/10/2020,95.853
16:32 - 16:33 01/10/2020,96.021
16:33 - 16:34 01/10/2020,95.816
16:34 - 16:35 01/10/2020,95.95
16:35 - 16:36 01/10/2020,95.96
16:36 - 16:37 01/10/2020,96.022
16:37 - 16:38 01/10/2020,95.954
16:38 - 16:39 01/10/2020,95.937
16:39 - 16:40 01/10/2020,95.987
16:40 - 16:41 01/10/2020,96.152
16:41 - 16:42 01/10/2020,96.177
16:42 - 16:43 01/10/2020,96.074
16:43 - 16:44 01/10/2020,96.056
16:44 - 16:45 01/10/2020,96.073
16:45 - 16:46 01/10/2020,96.182
16:46 - 16:47 01/10/2020,96.202
16:47 - 16:48 01/10/2020,96.348
16:48 - 16:49 01/10/2020,96.331
16:49 - 16:50 01/10/2020,96.302
16:50 - 16:51 01/10/2020,96.105
16:51 - 16:52 01/10/2020,96.3
16:52 - 16:53 01/10/2020,96.37
16:53 - 16:54 01/10/2020,96.302
16:54 - 16:55 01/10/2020,96.18
16:55 - 16:56 01/10/2020,96.251
16:56 - 16:57 01/10/2020,96.32
16:57 - 16:58 01/10/2020,96.301
16:58 - 16:59 01/10/2020,96.23
16:59 - 17:00 01/10/2020,96.171
17:00 - 17:01 01/10/2020,96.016
17:01 - 17:02 01/10/2020,96
17:02 - 17:03 01/10/2020,96.19
17:03 - 17:04 01/10/2020,96.2
17:04 - 17:05 01/10/2020,96.126
17:05 - 17:06 01/10/2020,96.159
17:06 - 17:07 01/10/2020,96.106
17:07 - 17:08 01/10/2020,95.924
17:08 - 17:09 01/10/2020,95.986
17:09 - 17:10 01/10/2020,95.978
17:10 - 17:11 01/10/2020,95.963
17:11 - 17:12 01/10/2020,96.094
17:12 - 17:13 01/10/2020,96.158
17:13 - 17:14 01/10/2020,96.063
17:14 - 17:15 01/10/2020,96.05
17:15 - 17:16 01/10/2020,96.144
17:16 - 17:17 01/10/2020,96.15
17:17 - 17:18 01/10/2020,96.104
17:18 - 17:19 01/10/2020,96.04
17:19 - 17:20 01/10/2020,96.12
17:20 - 17:21 01/10/2020,96.204
17:21 - 17:22 01/10/2020,96.136
17:22 - 17:23 01/10/2020,96.172
17:23 - 17:24 01/10/2020,96.134
17:24 - 17:25 01/10/2020,96.164
17:25 - 17:26 01/10/2020,96.216
17:26 - 17:27 01/10/2020,96.207
17:27 - 17:28 01/10/2020,96.148
17:28 - 17:29 01/10/2020,96.089
17:29 - 17:30 01/10/2020,96.148
17:30 - 17:31 01/10/2020,96.158
17:31 - 17:32 01/10/2020,96.025
17:32 - 17:33 01/10/2020,95.92
17:33 - 17:34 01/10/2020,95.897
17:34 - 17:35 01/10/2020,95.876
17:35 - 17:36 01/10/2020,95.859
17:36 - 17:37 01/10/2020,95.832
17:37 - 17:38 01/10/2020,95.782
17:38 - 17:39 01/10/2020,95.796
17:39 - 17:40 01/10/2020,95.764
17:40 - 17:41 01/10/2020,95.634
17:41 - 17:42 01/10/2020,95.567
17:42 - 17:43 01/10/2020,95.324
17:43 - 17:44 01/10/2020,95.4
17:44 - 17:45 01/10/2020,95.425
17:45 - 17:46 01/10/2020,95.537
17:46 - 17:47 01/10/2020,95.556
17:47 - 17:48 01/10/2020,95.441
17:48 - 17:49 01/10/2020,95.4
17:49 - 17:50 01/10/2020,95.447
17:50 - 17:51 01/10/2020,95.44
17:51 - 17:52 01/10/2020,95.488
17:52 - 17:53 01/10/2020,95.51
17:53 - 17:54 01/10/2020,95.513
17:54 - 17:55 01/10/2020,95.624
17:55 - 17:56 01/10/2020,95.487
17:56 - 17:57 01/10/2020,95.424
17:57 - 17:58 01/10/2020,95.397
17:58 - 17:59 01/10/2020,95.268
17:59 - 18:00 01/10/2020,95.124
18:00 - 18:01 01/10/2020,95.106
18:01 - 18:02 01/10/2020,94.987
18:02 - 18:03 01/10/2020,94.886
18:03 - 18:04 01/10/2020,95.09
18:04 - 18:05 01/10/2020,95.011
18:05 - 18:06 01/10/2020,95.096
18:06 - 18:07 01/10/2020,95.082
18:07 - 18:08 01/10/2020,95.209
18:08 - 18:09 01/10/2020,95.15
18:09 - 18:10 01/10/2020,95.141
18:10 - 18:11 01/10/2020,94.92
18:11 - 18:12 01/10/2020,95.071
18:12 - 18:13 01/10/2020,95.098
18:13 - 18:14 01/10/2020,95.08
18:14 - 18:15 01/10/2020,95.004
18:15 - 18:16 01/10/2020,94.982
18:16 - 18:17 01/10/2020,94.99
18:17 - 18:18 01/10/2020,95.033
18:18 - 18:19 01/10/2020,95.018
18:19 - 18:20 01/10/2020,95
18:20 - 18:21 01/10/2020,95.056
18:21 - 18:22 01/10/2020,95.218
18:22 - 18:23 01/10/2020,95.272
18:23 - 18:24 01/10/2020,95.268
18:24 - 18:25 01/10/2020,95.201
18:25 - 18:26 01/10/2020,95.445
18:26 - 18:27 01/10/2020,95.424
18:27 - 18:28 01/10/2020,95.359
18:28 - 18:29 01/10/2020,95.43
18:29 - 18:30 01/10/2020,95.47
18:30 - 18:31 01/10/2020,95.394
18:31 - 18:32 01/10/2020,95.422
18:32 - 18:33 01/10/2020,95.546
18:33 - 18:34 01/10/2020,95.462
18:34 - 18:35 01/10/2020,95.511
18:35 - 18:36 01/10/2020,95.349
18:36 - 18:37 01/10/2020,95.298
18:37 - 18:38 01/10/2020,95.204
18:38 - 18:39 01/10/2020,95.38
18:39 - 18:40 01/10/2020,95.33
18:40 - 18:41 01/10/2020,95.302
18:41 - 18:42 01/10/2020,95.308
18:42 - 18:43 01/10/2020,95.314
18:43 - 18:44 01/10/2020,95.452
18:44 - 18:45 01/10/2020,95.504
18:45 - 18:46 01/10/2020,95.402
18:46 - 18:47 01/10/2020,95.476
18:47 - 18:48 01/10/2020,95.312
18:48 - 18:49 01/10/2020,95.368
18:49 - 18:50 01/10/2020,95.364
18:50 - 18:51 01/10/2020,95.378
18:51 - 18:52 01/10/2020,95.352
18:52 - 18:53 01/10/2020,95.364
18:53 - 18:54 01/10/2020,95.368
18:54 - 18:55 01/10/2020,95.45
18:55 - 18:56 01/10/2020,95.44
18:56 - 18:57 01/10/2020,95.308
18:57 - 18:58 01/10/2020,95.36
18:58 - 18:59 01/10/2020,95.354
18:59 - 19:00 01/10/2020,95.344
19:00 - 19:01 01/10/2020,95.325
19:01 - 19:02 01/10/2020,95.34
19:02 - 19:03 01/10/2020,95.236
19:03 - 19:04 01/10/2020,95.169
19:04 - 19:05 01/10/2020,95.01
19:05 - 19:06 01/10/2020,95.122
19:06 - 19:07 01/10/2020,95.168
19:07 - 19:08 01/10/2020,95.235
19:08 - 19:09 01/10/2020,95.207
19:09 - 19:10 01/10/2020,95.22
19:10 - 19:11 01/10/2020,95.315
19:11 - 19:12 01/10/2020,95.426
19:12 - 19:13 01/10/2020,95.422
19:13 - 19:14 01/10/2020,95.454
19:14 - 19:15 01/10/2020,95.626
19:15 - 19:16 01/10/2020,95.64
19:16 - 19:17 01/10/2020,95.736
19:17 - 19:18 01/10/2020,95.646
19:18 - 19:19 01/10/2020,95.562
19:19 - 19:20 01/10/2020,95.628
19:20 - 19:21 01/10/2020,95.65
19:21 - 19:22 01/10/2020,95.595
19:22 - 19:23 01/10/2020,95.676
19:23 - 19:24 01/10/2020,95.66
19:24 - 19:25 01/10/2020,95.592
19:25 - 19:26 01/10/2020,95.626
19:26 - 19:27 01/10/2020,95.61
19:27 - 19:28 01/10/2020,95.615
19:28 - 19:29 01/10/2020,95.625
19:29 - 19:30 01/10/2020,95.558
19:30 - 19:31 01/10/2020,95.574
19:31 - 19:32 01/10/2020,95.558
19:32 - 19:33 01/10/2020,95.568
19:33 - 19:34 01/10/2020,95.542
19:34 - 19:35 01/10/2020,95.573
19:35 - 19:36 01/10/2020,95.597
19:36 - 19:37 01/10/2020,95.658
19:37 - 19:38 01/10/2020,95.684
19:38 - 19:39 01/10/2020,95.612
19:39 - 19:40 01/10/2020,95.562
19:40 - 19:41 01/10/2020,95.534
19:41 - 19:42 01/10/2020,95.526
19:42 - 19:43 01/10/2020,95.65
19:43 - 19:44 01/10/2020,95.647
19:44 - 19:45 01/10/2020,95.666
19:45 - 19:46 01/10/2020,95.627
19:46 - 19:47 01/10/2020,95.638
19:47 - 19:48 01/10/2020,95.695
19:48 - 19:49 01/10/2020,95.704
19:49 - 19:50 01/10/2020,95.638
19:50 - 19:51 01/10/2020,95.584
19:51 - 19:52 01/10/2020,95.616
19:52 - 19:53 01/10/2020,95.652
19:53 - 19:54 01/10/2020,95.626
19:54 - 19:55 01/10/2020,95.62
19:55 - 19:56 01/10/2020,95.661
19:56 - 19:57 01/10/2020,95.73
19:57 - 19:58 01/10/2020,95.75
19:58 - 19:59 01/10/2020,95.76
19:59 - 20:00 01/10/2020,95.84
20:00 - 20:01 01/10/2020,95.914
20:01 - 20:02 01/10/2020,95.823
20:02 - 20:03 01/10/2020,95.862
20:03 - 20:04 01/10/2020,95.95
20:04 - 20:05 01/10/2020,95.972
20:05 - 20:06 01/10/2020,96.048
20:06 - 20:07 01/10/2020,96.158
20:07 - 20:08 01/10/2020,96.06
20:08 - 20:09 01/10/2020,95.952
20:09 - 20:10 01/10/2020,95.994
20:10 - 20:11 01/10/2020,95.958
20:11 - 20:12 01/10/2020,95.979
20:12 - 20:13 01/10/2020,95.822
20:13 - 20:14 01/10/2020,95.815
20:14 - 20:15 01/10/2020,95.7
20:15 - 20:16 01/10/2020,95.7
20:16 - 20:17 01/10/2020,95.785
20:17 - 20:18 01/10/2020,95.806
20:18 - 20:19 01/10/2020,95.782
20:19 - 20:20 01/10/2020,95.764
20:20 - 20:21 01/10/2020,95.746
20:21 - 20:22 01/10/2020,95.66
20:22 - 20:23 01/10/2020,95.725
20:23 - 20:24 01/10/2020,95.7
20:24 - 20:25 01/10/2020,95.608
20:25 - 20:26 01/10/2020,95.594
20:26 - 20:27 01/10/2020,95.68
20:27 - 20:28 01/10/2020,95.76
20:28 - 20:29 01/10/2020,95.77
20:29 - 20:30 01/10/2020,95.726
20:30 - 20:31 01/10/2020,95.786
20:31 - 20:32 01/10/2020,95.816
20:32 - 20:33 01/10/2020,95.734
20:33 - 20:34 01/10/2020,95.75
20:34 - 20:35 01/10/2020,95.68
20:35 - 20:36 01/10/2020,95.771
20:36 - 20:37 01/10/2020,95.814
20:37 - 20:38 01/10/2020,95.758
20:38 - 20:39 01/10/2020,95.78
20:39 - 20:40 01/10/2020,95.746
20:40 - 20:41 01/10/2020,95.724
20:41 - 20:42 01/10/2020,95.692
20:42 - 20:43 01/10/2020,95.663
20:43 - 20:44 01/10/2020,95.703
20:44 - 20:45 01/10/2020,95.698
20:45 - 20:46 01/10/2020,95.649
20:46 - 20:47 01/10/2020,95.617
20:47 - 20:48 01/10/2020,95.684
20:48 - 20:49 01/10/2020,95.71
20:49 - 20:50 01/10/2020,95.73
20:50 - 20:51 01/10/2020,95.786
20:51 - 20:52 01/10/2020,95.789
20:52 - 20:53 01/10/2020,95.79
20:53 - 20:54 01/10/2020,95.778
20:54 - 20:55 01/10/2020,95.8
20:55 - 20:56 01/10/2020,95.758
20:56 - 20:57 01/10/2020,95.764
20:57 - 20:58 01/10/2020,95.777
20:58 - 20:59 01/10/2020,95.776
20:59 - 21:00 01/10/2020,95.851
21:00 - 21:01 01/10/2020,95.91
21:01 - 21:02 01/10/2020,95.788
21:02 - 21:03 01/10/2020,95.817
21:03 - 21:04 01/10/2020,95.816
21:04 - 21:05 01/10/2020,95.742
21:05 - 21:06 01/10/2020,95.586
21:06 - 21:07 01/10/2020,95.554
21:07 - 21:08 01/10/2020,95.418
21:08 - 21:09 01/10/2020,95.52
21:09 - 21:10 01/10/2020,95.568
21:10 - 21:11 01/10/2020,95.518
21:11 - 21:12 01/10/2020,95.521
21:12 - 21:13 01/10/2020,95.48
21:13 - 21:14 01/10/2020,95.458
21:14 - 21:15 01/10/2020,95.314
21:15 - 21:16 01/10/2020,95.126
21:16 - 21:17 01/10/2020,95.158
21:17 - 21:18 01/10/2020,95.108
21:18 - 21:19 01/10/2020,95.09
21:19 - 21:20 01/10/2020,95.062
21:20 - 21:21 01/10/2020,95.246
21:21 - 21:22 01/10/2020,95.124
21:22 - 21:23 01/10/2020,95.132
21:23 - 21:24 01/10/2020,95.2
21:24 - 21:25 01/10/2020,95.191
21:25 - 21:26 01/10/2020,95.24
21:26 - 21:27 01/10/2020,95.343
21:27 - 21:28 01/10/2020,95.315
21:28 - 21:29 01/10/2020,95.446
21:29 - 21:30 01/10/2020,95.366
21:30 - 21:31 01/10/2020,95.356
21:31 - 21:32 01/10/2020,95.254
21:32 - 21:33 01/10/2020,95.254
21:33 - 21:34 01/10/2020,95.139
21:34 - 21:35 01/10/2020,95.06
21:35 - 21:36 01/10/2020,95.128
21:36 - 21:37 01/10/2020,95.118
21:37 - 21:38 01/10/2020,95.079
21:38 - 21:39 01/10/2020,95.119
21:39 - 21:40 01/10/2020,95.081
21:40 - 21:41 01/10/2020,95.129
21:41 - 21:42 01/10/2020,95.106
21:42 - 21:43 01/10/2020,95.014
21:43 - 21:44 01/10/2020,95.156
21:44 - 21:45 01/10/2020,95.211
21:45 - 21:46 01/10/2020,95.184
21:46 - 21:47 01/10/2020,95.352
21:47 - 21:48 01/10/2020,95.347
21:48 - 21:49 01/10/2020,95.284
21:49 - 21:50 01/10/2020,95.292
21:50 - 21:51 01/10/2020,95.364
21:51 - 21:52 01/10/2020,95.388
21:52 - 21:53 01/10/2020,95.366
21:53 - 21:54 01/10/2020,95.431
21:54 - 21:55 01/10/2020,95.544
21:55 - 21:56 01/10/2020,95.639
21:56 - 21:57 01/10/2020,95.573
21:57 - 21:58 01/10/2020,95.68
21:58 - 21:59 01/10/2020,95.708
21:59 - 22:00 01/10/2020,95.63
